zip,city,county
73301,AUSTIN,TRAVIS 
73344,AUSTIN,TRAVIS 
73960,TEXHOMA,SHERMAN 
75001,ADDISON,DALLAS 
75002,ALLEN,COLLIN 
75006,CARROLLTON,DALLAS 
75007,CARROLLTON,DENTON 
75009,CELINA,COLLIN 
75010,CARROLLTON,DENTON 
75011,CARROLLTON,DALLAS 
75013,ALLEN,COLLIN 
75014,IRVING,DALLAS 
75015,IRVING,DALLAS 
75016,IRVING,DALLAS 
75017,IRVING,DALLAS 
75019,COPPELL,DALLAS 
75020,DENISON,GRAYSON 
75021,DENISON,GRAYSON 
75022,FLOWER MOUND,DENTON 
75023,PLANO,COLLIN 
75024,PLANO,COLLIN 
75025,PLANO,COLLIN 
75026,PLANO,COLLIN 
75027,FLOWER MOUND,DENTON 
75028,FLOWER MOUND,DENTON 
75029,LEWISVILLE,DENTON 
75030,ROWLETT,DALLAS 
75032,ROCKWALL,ROCKWALL 
75033,FRISCO,DENTON 
75034,FRISCO,DENTON 
75035,FRISCO,COLLIN 
75036,FRISCO,DENTON 
75037,IRVING,DALLAS 
75038,IRVING,DALLAS 
75039,IRVING,DALLAS 
75040,GARLAND,DALLAS 
75041,GARLAND,DALLAS 
75042,GARLAND,DALLAS 
75043,GARLAND,DALLAS 
75044,GARLAND,DALLAS 
75045,GARLAND,DALLAS 
75046,GARLAND,DALLAS 
75047,GARLAND,DALLAS 
75048,SACHSE,DALLAS 
75049,GARLAND,DALLAS 
75050,GRAND PRAIRIE,DALLAS 
75051,GRAND PRAIRIE,DALLAS 
75052,GRAND PRAIRIE,DALLAS 
75053,GRAND PRAIRIE,DALLAS 
75054,GRAND PRAIRIE,TARRANT 
75056,THE COLONY,DENTON 
75057,LEWISVILLE,DENTON 
75058,GUNTER,GRAYSON 
75059,IRVING,0
75060,IRVING,DALLAS 
75061,IRVING,DALLAS 
75062,IRVING,DALLAS 
75063,IRVING,DALLAS 
75064,IRVING,0
75065,LAKE DALLAS,DENTON 
75067,LEWISVILLE,DENTON 
75068,LITTLE ELM,DENTON 
75069,MCKINNEY,COLLIN 
75070,MCKINNEY,COLLIN 
75071,MCKINNEY,COLLIN 
75072,MCKINNEY,COLLIN 
75074,PLANO,COLLIN 
75075,PLANO,COLLIN 
75076,POTTSBORO,GRAYSON 
75077,LEWISVILLE,DENTON 
75078,PROSPER,COLLIN 
75080,RICHARDSON,DALLAS 
75081,RICHARDSON,DALLAS 
75082,RICHARDSON,COLLIN 
75083,RICHARDSON,DALLAS 
75085,RICHARDSON,DALLAS 
75086,PLANO,COLLIN 
75087,ROCKWALL,ROCKWALL 
75088,ROWLETT,DALLAS 
75089,ROWLETT,DALLAS 
75090,SHERMAN,GRAYSON 
75091,SHERMAN,GRAYSON 
75092,SHERMAN,GRAYSON 
75093,PLANO,COLLIN 
75094,PLANO,COLLIN 
75097,WESTON,COLLIN 
75098,WYLIE,COLLIN 
75099,COPPELL,DALLAS 
75101,BARDWELL,ELLIS 
75102,BARRY,NAVARRO 
75103,CANTON,VAN ZANDT 
75104,CEDAR HILL,DALLAS 
75105,CHATFIELD,NAVARRO 
75106,CEDAR HILL,DALLAS 
75109,CORSICANA,NAVARRO 
75110,CORSICANA,NAVARRO 
75114,CRANDALL,KAUFMAN 
75115,DESOTO,DALLAS 
75116,DUNCANVILLE,DALLAS 
75117,EDGEWOOD,VAN ZANDT 
75118,ELMO,KAUFMAN 
75119,ENNIS,ELLIS 
75120,ENNIS,ELLIS 
75121,COPEVILLE,COLLIN 
75123,DESOTO,DALLAS 
75124,EUSTACE,HENDERSON 
75125,FERRIS,ELLIS 
75126,FORNEY,KAUFMAN 
75127,FRUITVALE,VAN ZANDT 
75132,FATE,ROCKWALL 
75134,LANCASTER,DALLAS 
75135,CADDO MILLS,HUNT 
75137,DUNCANVILLE,DALLAS 
75138,DUNCANVILLE,DALLAS 
75140,GRAND SALINE,VAN ZANDT 
75141,HUTCHINS,DALLAS 
75142,KAUFMAN,KAUFMAN 
75143,KEMP,HENDERSON 
75144,KERENS,NAVARRO 
75146,LANCASTER,DALLAS 
75147,MABANK,KAUFMAN 
75148,MALAKOFF,HENDERSON 
75149,MESQUITE,DALLAS 
75150,MESQUITE,DALLAS 
75151,CORSICANA,NAVARRO 
75152,PALMER,ELLIS 
75153,POWELL,NAVARRO 
75154,RED OAK,ELLIS 
75155,RICE,NAVARRO 
75156,MABANK,HENDERSON 
75157,ROSSER,KAUFMAN 
75158,SCURRY,KAUFMAN 
75159,SEAGOVILLE,DALLAS 
75160,TERRELL,KAUFMAN 
75161,TERRELL,KAUFMAN 
75163,TRINIDAD,HENDERSON 
75164,JOSEPHINE,COLLIN 
75165,WAXAHACHIE,ELLIS 
75166,LAVON,COLLIN 
75167,WAXAHACHIE,ELLIS 
75168,WAXAHACHIE,ELLIS 
75169,WILLS POINT,VAN ZANDT 
75172,WILMER,DALLAS 
75173,NEVADA,COLLIN 
75180,BALCH SPRINGS,DALLAS 
75181,MESQUITE,DALLAS 
75182,SUNNYVALE,DALLAS 
75185,MESQUITE,DALLAS 
75187,MESQUITE,DALLAS 
75189,ROYSE CITY,ROCKWALL 
75201,DALLAS,DALLAS 
75202,DALLAS,DALLAS 
75203,DALLAS,DALLAS 
75204,DALLAS,DALLAS 
75205,DALLAS,DALLAS 
75206,DALLAS,DALLAS 
75207,DALLAS,DALLAS 
75208,DALLAS,DALLAS 
75209,DALLAS,DALLAS 
75210,DALLAS,DALLAS 
75211,DALLAS,DALLAS 
75212,DALLAS,DALLAS 
75214,DALLAS,DALLAS 
75215,DALLAS,DALLAS 
75216,DALLAS,DALLAS 
75217,DALLAS,DALLAS 
75218,DALLAS,DALLAS 
75219,DALLAS,DALLAS 
75220,DALLAS,DALLAS 
75221,DALLAS,DALLAS 
75222,DALLAS,DALLAS 
75223,DALLAS,DALLAS 
75224,DALLAS,DALLAS 
75225,DALLAS,DALLAS 
75226,DALLAS,DALLAS 
75227,DALLAS,DALLAS 
75228,DALLAS,DALLAS 
75229,DALLAS,DALLAS 
75230,DALLAS,DALLAS 
75231,DALLAS,DALLAS 
75232,DALLAS,DALLAS 
75233,DALLAS,DALLAS 
75234,DALLAS,DALLAS 
75235,DALLAS,DALLAS 
75236,DALLAS,DALLAS 
75237,DALLAS,DALLAS 
75238,DALLAS,DALLAS 
75240,DALLAS,DALLAS 
75241,DALLAS,DALLAS 
75242,DALLAS,DALLAS 
75243,DALLAS,DALLAS 
75244,DALLAS,DALLAS 
75245,DALLAS,DALLAS 
75246,DALLAS,DALLAS 
75247,DALLAS,DALLAS 
75248,DALLAS,DALLAS 
75249,DALLAS,DALLAS 
75250,DALLAS,DALLAS 
75251,DALLAS,DALLAS 
75252,DALLAS,COLLIN 
75253,DALLAS,DALLAS 
75254,DALLAS,DALLAS 
75258,DALLAS,DALLAS 
75260,DALLAS,DALLAS 
75261,DALLAS,TARRANT 
75262,DALLAS,DALLAS 
75263,DALLAS,DALLAS 
75264,DALLAS,DALLAS 
75265,DALLAS,DALLAS 
75266,DALLAS,DALLAS 
75267,DALLAS,DALLAS 
75270,DALLAS,DALLAS 
75275,DALLAS,DALLAS 
75277,DALLAS,DALLAS 
75283,DALLAS,DALLAS 
75284,DALLAS,DALLAS 
75285,DALLAS,DALLAS 
75286,DALLAS,DALLAS 
75287,DALLAS,DENTON 
75301,DALLAS,DALLAS 
75303,DALLAS,DALLAS 
75310,DALLAS,DALLAS 
75312,DALLAS,DALLAS 
75313,DALLAS,DALLAS 
75315,DALLAS,DALLAS 
75320,DALLAS,DALLAS 
75323,DALLAS,DALLAS 
75326,DALLAS,DALLAS 
75334,DALLAS,DALLAS 
75336,DALLAS,DALLAS 
75339,DALLAS,DALLAS 
75340,DALLAS,DALLAS 
75342,DALLAS,DALLAS 
75343,DALLAS,DALLAS 
75344,DALLAS,DALLAS 
75353,DALLAS,DALLAS 
75354,DALLAS,DALLAS 
75355,DALLAS,DALLAS 
75356,DALLAS,DALLAS 
75357,DALLAS,DALLAS 
75358,DALLAS,DALLAS 
75359,DALLAS,DALLAS 
75360,DALLAS,DALLAS 
75363,DALLAS,DALLAS 
75364,DALLAS,DALLAS 
75367,DALLAS,DALLAS 
75368,DALLAS,DALLAS 
75370,DALLAS,DALLAS 
75371,DALLAS,DALLAS 
75372,DALLAS,DALLAS 
75373,DALLAS,DALLAS 
75374,DALLAS,DALLAS 
75376,DALLAS,DALLAS 
75378,DALLAS,DALLAS 
75379,DALLAS,DALLAS 
75380,DALLAS,DALLAS 
75381,DALLAS,DALLAS 
75382,DALLAS,DALLAS 
75386,DALLAS,DALLAS 
75387,DALLAS,DALLAS 
75388,DALLAS,DALLAS 
75389,DALLAS,DALLAS 
75390,DALLAS,DALLAS 
75391,DALLAS,DALLAS 
75392,DALLAS,DALLAS 
75393,DALLAS,DALLAS 
75394,DALLAS,DALLAS 
75395,DALLAS,DALLAS 
75396,DALLAS,DALLAS 
75397,DALLAS,DALLAS 
75398,DALLAS,DALLAS 
75401,GREENVILLE,HUNT 
75402,GREENVILLE,HUNT 
75403,GREENVILLE,HUNT 
75404,GREENVILLE,HUNT 
75407,PRINCETON,COLLIN 
75409,ANNA,COLLIN 
75410,ALBA,WOOD 
75411,ARTHUR CITY,LAMAR 
75412,BAGWELL,RED RIVER 
75413,BAILEY,FANNIN 
75414,BELLS,GRAYSON 
75415,BEN FRANKLIN,DELTA 
75416,BLOSSOM,LAMAR 
75417,BOGATA,RED RIVER 
75418,BONHAM,FANNIN 
75420,BRASHEAR,HOPKINS 
75421,BROOKSTON,LAMAR 
75422,CAMPBELL,HUNT 
75423,CELESTE,HUNT 
75424,BLUE RIDGE,COLLIN 
75425,CHICOTA,LAMAR 
75426,CLARKSVILLE,RED RIVER 
75428,COMMERCE,HUNT 
75429,COMMERCE,HUNT 
75431,COMO,HOPKINS 
75432,COOPER,DELTA 
75433,CUMBY,HOPKINS 
75434,CUNNINGHAM,LAMAR 
75435,DEPORT,LAMAR 
75436,DETROIT,RED RIVER 
75437,DIKE,HOPKINS 
75438,DODD CITY,FANNIN 
75439,ECTOR,FANNIN 
75440,EMORY,RAINS 
75441,ENLOE,DELTA 
75442,FARMERSVILLE,COLLIN 
75443,GOBER,FANNIN 
75444,GOLDEN,WOOD 
75446,HONEY GROVE,FANNIN 
75447,IVANHOE,FANNIN 
75448,KLONDIKE,DELTA 
75449,LADONIA,FANNIN 
75450,LAKE CREEK,DELTA 
75451,LEESBURG,CAMP 
75452,LEONARD,FANNIN 
75453,LONE OAK,HUNT 
75454,MELISSA,COLLIN 
75455,MOUNT PLEASANT,TITUS 
75456,MOUNT PLEASANT,TITUS 
75457,MOUNT VERNON,FRANKLIN 
75458,MERIT,HUNT 
75459,HOWE,GRAYSON 
75460,PARIS,LAMAR 
75461,PARIS,LAMAR 
75462,PARIS,LAMAR 
75468,PATTONVILLE,LAMAR 
75469,PECAN GAP,DELTA 
75470,PETTY,LAMAR 
75471,PICKTON,HOPKINS 
75472,POINT,RAINS 
75473,POWDERLY,LAMAR 
75474,QUINLAN,HUNT 
75475,RANDOLPH,FANNIN 
75476,RAVENNA,FANNIN 
75477,ROXTON,LAMAR 
75478,SALTILLO,HOPKINS 
75479,SAVOY,FANNIN 
75480,SCROGGINS,FRANKLIN 
75481,SULPHUR BLUFF,HOPKINS 
75482,SULPHUR SPRINGS,HOPKINS 
75483,SULPHUR SPRINGS,HOPKINS 
75485,WESTMINSTER,COLLIN 
75486,SUMNER,LAMAR 
75487,TALCO,TITUS 
75488,TELEPHONE,FANNIN 
75489,TOM BEAN,GRAYSON 
75490,TRENTON,FANNIN 
75491,WHITEWRIGHT,GRAYSON 
75492,WINDOM,FANNIN 
75493,WINFIELD,TITUS 
75494,WINNSBORO,WOOD 
75495,VAN ALSTYNE,GRAYSON 
75496,WOLFE CITY,HUNT 
75497,YANTIS,WOOD 
75501,TEXARKANA,BOWIE 
75503,TEXARKANA,BOWIE 
75504,TEXARKANA,BOWIE 
75505,TEXARKANA,BOWIE 
75507,TEXARKANA,BOWIE 
75550,ANNONA,RED RIVER 
75551,ATLANTA,CASS 
75554,AVERY,RED RIVER 
75555,BIVINS,CASS 
75556,BLOOMBURG,CASS 
75558,COOKVILLE,TITUS 
75559,DE KALB,BOWIE 
75560,DOUGLASSVILLE,CASS 
75561,HOOKS,BOWIE 
75562,KILDARE,CASS 
75563,LINDEN,CASS 
75564,LODI,MARION 
75565,MC LEOD,CASS 
75566,MARIETTA,CASS 
75567,MAUD,BOWIE 
75568,NAPLES,MORRIS 
75569,NASH,BOWIE 
75570,NEW BOSTON,BOWIE 
75571,OMAHA,MORRIS 
75572,QUEEN CITY,CASS 
75573,REDWATER,BOWIE 
75574,SIMMS,BOWIE 
75599,TEXARKANA,BOWIE 
75601,LONGVIEW,GREGG 
75602,LONGVIEW,GREGG 
75603,LONGVIEW,GREGG 
75604,LONGVIEW,GREGG 
75605,LONGVIEW,GREGG 
75606,LONGVIEW,GREGG 
75607,LONGVIEW,GREGG 
75608,LONGVIEW,GREGG 
75615,LONGVIEW,GREGG 
75630,AVINGER,MARION 
75631,BECKVILLE,PANOLA 
75633,CARTHAGE,PANOLA 
75636,CASON,MORRIS 
75637,CLAYTON,PANOLA 
75638,DAINGERFIELD,MORRIS 
75639,DE BERRY,PANOLA 
75640,DIANA,UPSHUR 
75641,EASTON,GREGG 
75642,ELYSIAN FIELDS,HARRISON 
75643,GARY,PANOLA 
75644,GILMER,UPSHUR 
75645,GILMER,UPSHUR 
75647,GLADEWATER,GREGG 
75650,HALLSVILLE,HARRISON 
75651,HARLETON,HARRISON 
75652,HENDERSON,RUSK 
75653,HENDERSON,RUSK 
75654,HENDERSON,RUSK 
75656,HUGHES SPRINGS,CASS 
75657,JEFFERSON,MARION 
75658,JOINERVILLE,RUSK 
75659,JONESVILLE,HARRISON 
75660,JUDSON,GREGG 
75661,KARNACK,HARRISON 
75662,KILGORE,GREGG 
75663,KILGORE,GREGG 
75666,LAIRD HILL,RUSK 
75667,LANEVILLE,RUSK 
75668,LONE STAR,MORRIS 
75669,LONG BRANCH,PANOLA 
75670,MARSHALL,HARRISON 
75671,MARSHALL,HARRISON 
75672,MARSHALL,HARRISON 
75680,MINDEN,RUSK 
75681,MOUNT ENTERPRISE,RUSK 
75682,NEW LONDON,RUSK 
75683,ORE CITY,UPSHUR 
75684,OVERTON,RUSK 
75685,PANOLA,PANOLA 
75686,PITTSBURG,CAMP 
75687,PRICE,RUSK 
75688,SCOTTSVILLE,HARRISON 
75689,SELMAN CITY,RUSK 
75691,TATUM,RUSK 
75692,WASKOM,HARRISON 
75693,WHITE OAK,GREGG 
75694,WOODLAWN,HARRISON 
75701,TYLER,SMITH 
75702,TYLER,SMITH 
75703,TYLER,SMITH 
75704,TYLER,SMITH 
75705,TYLER,SMITH 
75706,TYLER,SMITH 
75707,TYLER,SMITH 
75708,TYLER,SMITH 
75709,TYLER,SMITH 
75710,TYLER,SMITH 
75711,TYLER,SMITH 
75712,TYLER,SMITH 
75713,TYLER,SMITH 
75750,ARP,SMITH 
75751,ATHENS,HENDERSON 
75752,ATHENS,HENDERSON 
75754,BEN WHEELER,VAN ZANDT 
75755,BIG SANDY,UPSHUR 
75756,BROWNSBORO,HENDERSON 
75757,BULLARD,SMITH 
75758,CHANDLER,HENDERSON 
75759,CUNEY,CHEROKEE 
75760,CUSHING,NACOGDOCHES 
75762,FLINT,SMITH 
75763,FRANKSTON,ANDERSON 
75764,GALLATIN,CHEROKEE 
75765,HAWKINS,WOOD 
75766,JACKSONVILLE,CHEROKEE 
75770,LARUE,HENDERSON 
75771,LINDALE,SMITH 
75772,MAYDELLE,CHEROKEE 
75773,MINEOLA,WOOD 
75778,MURCHISON,HENDERSON 
75779,NECHES,ANDERSON 
75780,NEW SUMMERFIELD,CHEROKEE 
75782,POYNOR,HENDERSON 
75783,QUITMAN,WOOD 
75784,REKLAW,CHEROKEE 
75785,RUSK,CHEROKEE 
75788,SACUL,NACOGDOCHES 
75789,TROUP,SMITH 
75790,VAN,VAN ZANDT 
75791,WHITEHOUSE,SMITH 
75792,WINONA,SMITH 
75797,BIG SANDY,UPSHUR 
75798,TYLER,SMITH 
75799,TYLER,SMITH 
75801,PALESTINE,ANDERSON 
75802,PALESTINE,ANDERSON 
75803,PALESTINE,ANDERSON 
75831,BUFFALO,LEON 
75832,CAYUGA,ANDERSON 
75833,CENTERVILLE,LEON 
75834,CENTRALIA,TRINITY 
75835,CROCKETT,HOUSTON 
75838,DONIE,FREESTONE 
75839,ELKHART,ANDERSON 
75840,FAIRFIELD,FREESTONE 
75844,GRAPELAND,HOUSTON 
75845,GROVETON,TRINITY 
75846,JEWETT,LEON 
75847,KENNARD,HOUSTON 
75848,KIRVIN,FREESTONE 
75849,LATEXO,HOUSTON 
75850,LEONA,LEON 
75851,LOVELADY,HOUSTON 
75852,MIDWAY,MADISON 
75853,MONTALBA,ANDERSON 
75855,OAKWOOD,LEON 
75856,PENNINGTON,TRINITY 
75858,RATCLIFF,HOUSTON 
75859,STREETMAN,FREESTONE 
75860,TEAGUE,FREESTONE 
75861,TENNESSEE COLONY,ANDERSON 
75862,TRINITY,TRINITY 
75865,WOODLAKE,TRINITY 
75880,TENNESSEE COLONY,ANDERSON 
75882,PALESTINE,ANDERSON 
75884,TENNESSEE COLONY,ANDERSON 
75886,TENNESSEE COLONY,ANDERSON 
75901,LUFKIN,ANGELINA 
75902,LUFKIN,ANGELINA 
75903,LUFKIN,ANGELINA 
75904,LUFKIN,ANGELINA 
75915,LUFKIN,ANGELINA 
75925,ALTO,CHEROKEE 
75926,APPLE SPRINGS,TRINITY 
75928,BON WIER,NEWTON 
75929,BROADDUS,SAN AUGUSTINE 
75930,BRONSON,SABINE 
75931,BROOKELAND,JASPER 
75932,BURKEVILLE,NEWTON 
75933,CALL,NEWTON 
75934,CAMDEN,POLK 
75935,CENTER,SHELBY 
75936,CHESTER,TYLER 
75937,CHIRENO,NACOGDOCHES 
75938,COLMESNEIL,TYLER 
75939,CORRIGAN,POLK 
75941,DIBOLL,ANGELINA 
75942,DOUCETTE,TYLER 
75943,DOUGLASS,NACOGDOCHES 
75944,ETOILE,NACOGDOCHES 
75946,GARRISON,NACOGDOCHES 
75948,HEMPHILL,SABINE 
75949,HUNTINGTON,ANGELINA 
75951,JASPER,JASPER 
75954,JOAQUIN,SHELBY 
75956,KIRBYVILLE,JASPER 
75958,MARTINSVILLE,NACOGDOCHES 
75959,MILAM,SABINE 
75960,MOSCOW,POLK 
75961,NACOGDOCHES,NACOGDOCHES 
75962,NACOGDOCHES,NACOGDOCHES 
75963,NACOGDOCHES,NACOGDOCHES 
75964,NACOGDOCHES,NACOGDOCHES 
75965,NACOGDOCHES,NACOGDOCHES 
75966,NEWTON,NEWTON 
75968,PINELAND,SABINE 
75969,POLLOK,ANGELINA 
75972,SAN AUGUSTINE,SAN AUGUSTINE 
75973,SHELBYVILLE,SHELBY 
75974,TENAHA,SHELBY 
75975,TIMPSON,SHELBY 
75976,WELLS,CHEROKEE 
75977,WIERGATE,NEWTON 
75978,WODEN,NACOGDOCHES 
75979,WOODVILLE,TYLER 
75980,ZAVALLA,ANGELINA 
75990,WOODVILLE,TYLER 
76001,ARLINGTON,TARRANT 
76002,ARLINGTON,TARRANT 
76003,ARLINGTON,TARRANT 
76004,ARLINGTON,TARRANT 
76005,ARLINGTON,TARRANT 
76006,ARLINGTON,TARRANT 
76007,ARLINGTON,TARRANT 
76008,ALEDO,PARKER 
76009,ALVARADO,JOHNSON 
76010,ARLINGTON,TARRANT 
76011,ARLINGTON,TARRANT 
76012,ARLINGTON,TARRANT 
76013,ARLINGTON,TARRANT 
76014,ARLINGTON,TARRANT 
76015,ARLINGTON,TARRANT 
76016,ARLINGTON,TARRANT 
76017,ARLINGTON,TARRANT 
76018,ARLINGTON,TARRANT 
76019,ARLINGTON,TARRANT 
76020,AZLE,TARRANT 
76021,BEDFORD,TARRANT 
76022,BEDFORD,TARRANT 
76023,BOYD,WISE 
76028,BURLESON,JOHNSON 
76031,CLEBURNE,JOHNSON 
76033,CLEBURNE,JOHNSON 
76034,COLLEYVILLE,TARRANT 
76035,CRESSON,PARKER 
76036,CROWLEY,TARRANT 
76039,EULESS,TARRANT 
76040,EULESS,TARRANT 
76041,FORRESTON,ELLIS 
76043,GLEN ROSE,SOMERVELL 
76044,GODLEY,JOHNSON 
76048,GRANBURY,HOOD 
76049,GRANBURY,HOOD 
76050,GRANDVIEW,JOHNSON 
76051,GRAPEVINE,TARRANT 
76052,HASLET,TARRANT 
76053,HURST,TARRANT 
76054,HURST,TARRANT 
76055,ITASCA,HILL 
76058,JOSHUA,JOHNSON 
76059,KEENE,JOHNSON 
76060,KENNEDALE,TARRANT 
76061,LILLIAN,JOHNSON 
76063,MANSFIELD,TARRANT 
76064,MAYPEARL,ELLIS 
76065,MIDLOTHIAN,ELLIS 
76066,MILLSAP,PARKER 
76067,MINERAL WELLS,PALO PINTO 
76068,MINERAL WELLS,PARKER 
76070,NEMO,SOMERVELL 
76071,NEWARK,WISE 
76073,PARADISE,WISE 
76077,RAINBOW,SOMERVELL 
76078,RHOME,WISE 
76082,SPRINGTOWN,PARKER 
76084,VENUS,JOHNSON 
76085,WEATHERFORD,PARKER 
76086,WEATHERFORD,PARKER 
76087,WEATHERFORD,PARKER 
76088,WEATHERFORD,PARKER 
76092,SOUTHLAKE,TARRANT 
76093,RIO VISTA,JOHNSON 
76094,ARLINGTON,TARRANT 
76095,BEDFORD,TARRANT 
76096,ARLINGTON,TARRANT 
76097,BURLESON,JOHNSON 
76098,AZLE,TARRANT 
76099,GRAPEVINE,TARRANT 
76101,FORT WORTH,TARRANT 
76102,FORT WORTH,TARRANT 
76103,FORT WORTH,TARRANT 
76104,FORT WORTH,TARRANT 
76105,FORT WORTH,TARRANT 
76106,FORT WORTH,TARRANT 
76107,FORT WORTH,TARRANT 
76108,FORT WORTH,TARRANT 
76109,FORT WORTH,TARRANT 
76110,FORT WORTH,TARRANT 
76111,FORT WORTH,TARRANT 
76112,FORT WORTH,TARRANT 
76113,FORT WORTH,TARRANT 
76114,FORT WORTH,TARRANT 
76115,FORT WORTH,TARRANT 
76116,FORT WORTH,TARRANT 
76117,HALTOM CITY,TARRANT 
76118,FORT WORTH,TARRANT 
76119,FORT WORTH,TARRANT 
76120,FORT WORTH,TARRANT 
76121,FORT WORTH,TARRANT 
76122,FORT WORTH,TARRANT 
76123,FORT WORTH,TARRANT 
76124,FORT WORTH,TARRANT 
76126,FORT WORTH,TARRANT 
76127,NAVAL AIR STATION JRB,TARRANT 
76129,FORT WORTH,TARRANT 
76130,FORT WORTH,TARRANT 
76131,FORT WORTH,TARRANT 
76132,FORT WORTH,TARRANT 
76133,FORT WORTH,TARRANT 
76134,FORT WORTH,TARRANT 
76135,FORT WORTH,TARRANT 
76136,FORT WORTH,TARRANT 
76137,FORT WORTH,TARRANT 
76140,FORT WORTH,TARRANT 
76147,FORT WORTH,TARRANT 
76148,FORT WORTH,TARRANT 
76150,FORT WORTH,TARRANT 
76155,FORT WORTH,TARRANT 
76161,FORT WORTH,TARRANT 
76162,FORT WORTH,TARRANT 
76163,FORT WORTH,TARRANT 
76164,FORT WORTH,TARRANT 
76166,FORT WORTH,TARRANT 
76177,FORT WORTH,TARRANT 
76179,FORT WORTH,TARRANT 
76180,NORTH RICHLAND HILLS,TARRANT 
76181,FORT WORTH,TARRANT 
76182,NORTH RICHLAND HILLS,TARRANT 
76185,FORT WORTH,TARRANT 
76190,FORT WORTH,0
76191,FORT WORTH,TARRANT 
76192,FORT WORTH,TARRANT 
76193,FORT WORTH,TARRANT 
76195,FORT WORTH,TARRANT 
76196,FORT WORTH,TARRANT 
76197,FORT WORTH,TARRANT 
76198,FORT WORTH,TARRANT 
76199,FORT WORTH,TARRANT 
76201,DENTON,DENTON 
76202,DENTON,DENTON 
76203,DENTON,DENTON 
76204,DENTON,DENTON 
76205,DENTON,DENTON 
76206,DENTON,DENTON 
76207,DENTON,DENTON 
76208,DENTON,DENTON 
76209,DENTON,DENTON 
76210,DENTON,DENTON 
76225,ALVORD,WISE 
76226,ARGYLE,DENTON 
76227,AUBREY,DENTON 
76228,BELLEVUE,CLAY 
76230,BOWIE,MONTAGUE 
76233,COLLINSVILLE,GRAYSON 
76234,DECATUR,WISE 
76238,ERA,COOKE 
76239,FORESTBURG,MONTAGUE 
76240,GAINESVILLE,COOKE 
76241,GAINESVILLE,COOKE 
76244,KELLER,TARRANT 
76245,GORDONVILLE,GRAYSON 
76246,GREENWOOD,WISE 
76247,JUSTIN,DENTON 
76248,KELLER,TARRANT 
76249,KRUM,DENTON 
76250,LINDSAY,COOKE 
76251,MONTAGUE,MONTAGUE 
76252,MUENSTER,COOKE 
76253,MYRA,COOKE 
76255,NOCONA,MONTAGUE 
76258,PILOT POINT,DENTON 
76259,PONDER,DENTON 
76261,RINGGOLD,MONTAGUE 
76262,ROANOKE,DENTON 
76263,ROSSTON,COOKE 
76264,SADLER,GRAYSON 
76265,SAINT JO,MONTAGUE 
76266,SANGER,DENTON 
76267,SLIDELL,WISE 
76268,SOUTHMAYD,GRAYSON 
76270,SUNSET,MONTAGUE 
76271,TIOGA,GRAYSON 
76272,VALLEY VIEW,COOKE 
76273,WHITESBORO,GRAYSON 
76299,ROANOKE,DENTON 
76301,WICHITA FALLS,WICHITA 
76302,WICHITA FALLS,WICHITA 
76305,WICHITA FALLS,WICHITA 
76306,WICHITA FALLS,WICHITA 
76307,WICHITA FALLS,WICHITA 
76308,WICHITA FALLS,WICHITA 
76309,WICHITA FALLS,WICHITA 
76310,WICHITA FALLS,WICHITA 
76311,SHEPPARD AFB,WICHITA 
76351,ARCHER CITY,ARCHER 
76352,BLUEGROVE,CLAY 
76354,BURKBURNETT,WICHITA 
76357,BYERS,CLAY 
76360,ELECTRA,WICHITA 
76363,GOREE,KNOX 
76364,HARROLD,WILBARGER 
76365,HENRIETTA,CLAY 
76366,HOLLIDAY,ARCHER 
76367,IOWA PARK,WICHITA 
76369,KAMAY,WICHITA 
76370,MEGARGEL,ARCHER 
76371,MUNDAY,KNOX 
76372,NEWCASTLE,YOUNG 
76373,OKLAUNION,WILBARGER 
76374,OLNEY,YOUNG 
76377,PETROLIA,CLAY 
76379,SCOTLAND,ARCHER 
76380,SEYMOUR,BAYLOR 
76384,VERNON,WILBARGER 
76385,VERNON,WILBARGER 
76388,WEINERT,HASKELL 
76389,WINDTHORST,ARCHER 
76401,STEPHENVILLE,ERATH 
76402,STEPHENVILLE,ERATH 
76424,BRECKENRIDGE,STEPHENS 
76426,BRIDGEPORT,WISE 
76427,BRYSON,JACK 
76429,CADDO,STEPHENS 
76430,ALBANY,SHACKELFORD 
76431,CHICO,WISE 
76432,BLANKET,BROWN 
76433,BLUFF DALE,ERATH 
76435,CARBON,EASTLAND 
76436,CARLTON,HAMILTON 
76437,CISCO,EASTLAND 
76439,DENNIS,PARKER 
76442,COMANCHE,COMANCHE 
76443,CROSS PLAINS,CALLAHAN 
76444,DE LEON,COMANCHE 
76445,DESDEMONA,EASTLAND 
76446,DUBLIN,ERATH 
76448,EASTLAND,EASTLAND 
76449,GRAFORD,PALO PINTO 
76450,GRAHAM,YOUNG 
76452,ENERGY,COMANCHE 
76453,GORDON,PALO PINTO 
76454,GORMAN,EASTLAND 
76455,GUSTINE,COMANCHE 
76457,HICO,HAMILTON 
76458,JACKSBORO,JACK 
76459,JERMYN,JACK 
76460,LOVING,YOUNG 
76461,LINGLEVILLE,ERATH 
76462,LIPAN,HOOD 
76463,MINGUS,PALO PINTO 
76464,MORAN,SHACKELFORD 
76465,MORGAN MILL,ERATH 
76466,OLDEN,EASTLAND 
76467,PALUXY,HOOD 
76468,PROCTOR,COMANCHE 
76469,PUTNAM,CALLAHAN 
76470,RANGER,EASTLAND 
76471,RISING STAR,EASTLAND 
76472,SANTO,PALO PINTO 
76474,SIDNEY,COMANCHE 
76475,STRAWN,PALO PINTO 
76476,TOLAR,HOOD 
76481,SOUTH BEND,YOUNG 
76483,THROCKMORTON,THROCKMORTON 
76484,PALO PINTO,PALO PINTO 
76485,PEASTER,PARKER 
76486,PERRIN,JACK 
76487,POOLVILLE,PARKER 
76490,WHITT,PARKER 
76491,WOODSON,THROCKMORTON 
76501,TEMPLE,BELL 
76502,TEMPLE,BELL 
76503,TEMPLE,BELL 
76504,TEMPLE,BELL 
76505,TEMPLE,BELL 
76508,TEMPLE,BELL 
76511,BARTLETT,WILLIAMSON 
76513,BELTON,BELL 
76518,BUCKHOLTS,MILAM 
76519,BURLINGTON,BELL 
76520,CAMERON,MILAM 
76522,COPPERAS COVE,CORYELL 
76523,DAVILLA,MILAM 
76524,EDDY,MCLENNAN 
76525,EVANT,CORYELL 
76526,FLAT,CORYELL 
76527,FLORENCE,WILLIAMSON 
76528,GATESVILLE,CORYELL 
76530,GRANGER,WILLIAMSON 
76531,HAMILTON,HAMILTON 
76533,HEIDENHEIMER,BELL 
76534,HOLLAND,BELL 
76537,JARRELL,WILLIAMSON 
76538,JONESBORO,CORYELL 
76539,KEMPNER,LAMPASAS 
76540,KILLEEN,BELL 
76541,KILLEEN,BELL 
76542,KILLEEN,BELL 
76543,KILLEEN,BELL 
76544,FORT HOOD,BELL 
76545,KILLEEN,BELL 
76546,KILLEEN,BELL 
76547,KILLEEN,BELL 
76548,HARKER HEIGHTS,BELL 
76549,KILLEEN,BELL 
76550,LAMPASAS,LAMPASAS 
76554,LITTLE RIVER ACADEMY,BELL 
76556,MILANO,MILAM 
76557,MOODY,MCLENNAN 
76558,MOUND,CORYELL 
76559,NOLANVILLE,BELL 
76561,OGLESBY,CORYELL 
76564,PENDLETON,BELL 
76565,POTTSVILLE,HAMILTON 
76566,PURMELA,CORYELL 
76567,ROCKDALE,MILAM 
76569,ROGERS,BELL 
76570,ROSEBUD,FALLS 
76571,SALADO,BELL 
76573,SCHWERTNER,WILLIAMSON 
76574,TAYLOR,WILLIAMSON 
76577,THORNDALE,MILAM 
76578,THRALL,WILLIAMSON 
76579,TROY,BELL 
76596,GATESVILLE,CORYELL 
76597,GATESVILLE,CORYELL 
76598,GATESVILLE,CORYELL 
76599,GATESVILLE,CORYELL 
76621,ABBOTT,HILL 
76622,AQUILLA,HILL 
76623,AVALON,ELLIS 
76624,AXTELL,MCLENNAN 
76626,BLOOMING GROVE,NAVARRO 
76627,BLUM,HILL 
76628,BRANDON,HILL 
76629,BREMOND,ROBERTSON 
76630,BRUCEVILLE,MCLENNAN 
76631,BYNUM,HILL 
76632,CHILTON,FALLS 
76633,CHINA SPRING,MCLENNAN 
76634,CLIFTON,BOSQUE 
76635,COOLIDGE,LIMESTONE 
76636,COVINGTON,HILL 
76637,CRANFILLS GAP,BOSQUE 
76638,CRAWFORD,MCLENNAN 
76639,DAWSON,NAVARRO 
76640,ELM MOTT,MCLENNAN 
76641,FROST,NAVARRO 
76642,GROESBECK,LIMESTONE 
76643,HEWITT,MCLENNAN 
76644,LAGUNA PARK,BOSQUE 
76645,HILLSBORO,HILL 
76648,HUBBARD,HILL 
76649,IREDELL,BOSQUE 
76650,IRENE,HILL 
76651,ITALY,ELLIS 
76652,KOPPERL,BOSQUE 
76653,KOSSE,LIMESTONE 
76654,LEROY,MCLENNAN 
76655,LORENA,MCLENNAN 
76656,LOTT,FALLS 
76657,MC GREGOR,MCLENNAN 
76660,MALONE,HILL 
76661,MARLIN,FALLS 
76664,MART,MCLENNAN 
76665,MERIDIAN,BOSQUE 
76666,MERTENS,HILL 
76667,MEXIA,LIMESTONE 
76670,MILFORD,ELLIS 
76671,MORGAN,BOSQUE 
76673,MOUNT CALM,HILL 
76676,PENELOPE,HILL 
76678,PRAIRIE HILL,LIMESTONE 
76679,PURDON,NAVARRO 
76680,REAGAN,FALLS 
76681,RICHLAND,NAVARRO 
76682,RIESEL,MCLENNAN 
76684,ROSS,MCLENNAN 
76685,SATIN,FALLS 
76686,TEHUACANA,LIMESTONE 
76687,THORNTON,LIMESTONE 
76689,VALLEY MILLS,BOSQUE 
76690,WALNUT SPRINGS,BOSQUE 
76691,WEST,MCLENNAN 
76692,WHITNEY,HILL 
76693,WORTHAM,FREESTONE 
76701,WACO,MCLENNAN 
76702,WACO,MCLENNAN 
76703,WACO,MCLENNAN 
76704,WACO,MCLENNAN 
76705,WACO,MCLENNAN 
76706,WACO,MCLENNAN 
76707,WACO,MCLENNAN 
76708,WACO,MCLENNAN 
76710,WACO,MCLENNAN 
76711,WACO,MCLENNAN 
76712,WOODWAY,MCLENNAN 
76714,WACO,MCLENNAN 
76715,WACO,MCLENNAN 
76716,WACO,MCLENNAN 
76795,WACO,MCLENNAN 
76797,WACO,MCLENNAN 
76798,WACO,MCLENNAN 
76799,WACO,MCLENNAN 
76801,BROWNWOOD,BROWN 
76802,EARLY,BROWN 
76803,EARLY,BROWN 
76804,BROWNWOOD,BROWN 
76820,ART,MASON 
76821,BALLINGER,RUNNELS 
76823,BANGS,BROWN 
76824,BEND,SAN SABA 
76825,BRADY,MCCULLOCH 
76827,BROOKESMITH,BROWN 
76828,BURKETT,COLEMAN 
76831,CASTELL,LLANO 
76832,CHEROKEE,SAN SABA 
76834,COLEMAN,COLEMAN 
76836,DOOLE,MCCULLOCH 
76837,EDEN,CONCHO 
76841,FORT MC KAVETT,MENARD 
76842,FREDONIA,MASON 
76844,GOLDTHWAITE,MILLS 
76845,GOULDBUSK,COLEMAN 
76848,HEXT,MENARD 
76849,JUNCTION,KIMBLE 
76852,LOHN,MCCULLOCH 
76853,LOMETA,LAMPASAS 
76854,LONDON,KIMBLE 
76855,LOWAKE,CONCHO 
76856,MASON,MASON 
76857,MAY,BROWN 
76858,MELVIN,MCCULLOCH 
76859,MENARD,MENARD 
76861,MILES,RUNNELS 
76862,MILLERSVIEW,CONCHO 
76864,MULLIN,MILLS 
76865,NORTON,RUNNELS 
76866,PAINT ROCK,CONCHO 
76869,PONTOTOC,MASON 
76870,PRIDDY,MILLS 
76871,RICHLAND SPRINGS,SAN SABA 
76872,ROCHELLE,MCCULLOCH 
76873,ROCKWOOD,COLEMAN 
76874,ROOSEVELT,KIMBLE 
76875,ROWENA,RUNNELS 
76877,SAN SABA,SAN SABA 
76878,SANTA ANNA,COLEMAN 
76880,STAR,MILLS 
76882,TALPA,COLEMAN 
76883,TELEGRAPH,KIMBLE 
76884,VALERA,COLEMAN 
76885,VALLEY SPRING,LLANO 
76886,VERIBEST,TOM GREEN 
76887,VOCA,MCCULLOCH 
76888,VOSS,COLEMAN 
76890,ZEPHYR,BROWN 
76901,SAN ANGELO,TOM GREEN 
76902,SAN ANGELO,TOM GREEN 
76903,SAN ANGELO,TOM GREEN 
76904,SAN ANGELO,TOM GREEN 
76905,SAN ANGELO,TOM GREEN 
76906,SAN ANGELO,TOM GREEN 
76908,GOODFELLOW AFB,TOM GREEN 
76909,SAN ANGELO,TOM GREEN 
76930,BARNHART,IRION 
76932,BIG LAKE,REAGAN 
76933,BRONTE,COKE 
76934,CARLSBAD,TOM GREEN 
76935,CHRISTOVAL,TOM GREEN 
76936,ELDORADO,SCHLEICHER 
76937,EOLA,TOM GREEN 
76939,KNICKERBOCKER,TOM GREEN 
76940,MERETA,TOM GREEN 
76941,MERTZON,IRION 
76943,OZONA,CROCKETT 
76945,ROBERT LEE,COKE 
76949,SILVER,COKE 
76950,SONORA,SUTTON 
76951,STERLING CITY,STERLING 
76953,TENNYSON,COKE 
76955,VANCOURT,TOM GREEN 
76957,WALL,TOM GREEN 
76958,WATER VALLEY,TOM GREEN 
77001,HOUSTON,HARRIS 
77002,HOUSTON,HARRIS 
77003,HOUSTON,HARRIS 
77004,HOUSTON,HARRIS 
77005,HOUSTON,HARRIS 
77006,HOUSTON,HARRIS 
77007,HOUSTON,HARRIS 
77008,HOUSTON,HARRIS 
77009,HOUSTON,HARRIS 
77010,HOUSTON,HARRIS 
77011,HOUSTON,HARRIS 
77012,HOUSTON,HARRIS 
77013,HOUSTON,HARRIS 
77014,HOUSTON,HARRIS 
77015,HOUSTON,HARRIS 
77016,HOUSTON,HARRIS 
77017,HOUSTON,HARRIS 
77018,HOUSTON,HARRIS 
77019,HOUSTON,HARRIS 
77020,HOUSTON,HARRIS 
77021,HOUSTON,HARRIS 
77022,HOUSTON,HARRIS 
77023,HOUSTON,HARRIS 
77024,HOUSTON,HARRIS 
77025,HOUSTON,HARRIS 
77026,HOUSTON,HARRIS 
77027,HOUSTON,HARRIS 
77028,HOUSTON,HARRIS 
77029,HOUSTON,HARRIS 
77030,HOUSTON,HARRIS 
77031,HOUSTON,HARRIS 
77032,HOUSTON,HARRIS 
77033,HOUSTON,HARRIS 
77034,HOUSTON,HARRIS 
77035,HOUSTON,HARRIS 
77036,HOUSTON,HARRIS 
77037,HOUSTON,HARRIS 
77038,HOUSTON,HARRIS 
77039,HOUSTON,HARRIS 
77040,HOUSTON,HARRIS 
77041,HOUSTON,HARRIS 
77042,HOUSTON,HARRIS 
77043,HOUSTON,HARRIS 
77044,HOUSTON,HARRIS 
77045,HOUSTON,HARRIS 
77046,HOUSTON,HARRIS 
77047,HOUSTON,HARRIS 
77048,HOUSTON,HARRIS 
77049,HOUSTON,HARRIS 
77050,HOUSTON,HARRIS 
77051,HOUSTON,HARRIS 
77052,HOUSTON,HARRIS 
77053,HOUSTON,FORT BEND 
77054,HOUSTON,HARRIS 
77055,HOUSTON,HARRIS 
77056,HOUSTON,HARRIS 
77057,HOUSTON,HARRIS 
77058,HOUSTON,HARRIS 
77059,HOUSTON,HARRIS 
77060,HOUSTON,HARRIS 
77061,HOUSTON,HARRIS 
77062,HOUSTON,HARRIS 
77063,HOUSTON,HARRIS 
77064,HOUSTON,HARRIS 
77065,HOUSTON,HARRIS 
77066,HOUSTON,HARRIS 
77067,HOUSTON,HARRIS 
77068,HOUSTON,HARRIS 
77069,HOUSTON,HARRIS 
77070,HOUSTON,HARRIS 
77071,HOUSTON,HARRIS 
77072,HOUSTON,HARRIS 
77073,HOUSTON,HARRIS 
77074,HOUSTON,HARRIS 
77075,HOUSTON,HARRIS 
77076,HOUSTON,HARRIS 
77077,HOUSTON,HARRIS 
77078,HOUSTON,HARRIS 
77079,HOUSTON,HARRIS 
77080,HOUSTON,HARRIS 
77081,HOUSTON,HARRIS 
77082,HOUSTON,HARRIS 
77083,HOUSTON,HARRIS 
77084,HOUSTON,HARRIS 
77085,HOUSTON,HARRIS 
77086,HOUSTON,HARRIS 
77087,HOUSTON,HARRIS 
77088,HOUSTON,HARRIS 
77089,HOUSTON,HARRIS 
77090,HOUSTON,HARRIS 
77091,HOUSTON,HARRIS 
77092,HOUSTON,HARRIS 
77093,HOUSTON,HARRIS 
77094,HOUSTON,HARRIS 
77095,HOUSTON,HARRIS 
77096,HOUSTON,HARRIS 
77097,HOUSTON,HARRIS 
77098,HOUSTON,HARRIS 
77099,HOUSTON,HARRIS 
77201,HOUSTON,HARRIS 
77202,HOUSTON,HARRIS 
77203,HOUSTON,HARRIS 
77204,HOUSTON,HARRIS 
77205,HOUSTON,HARRIS 
77206,HOUSTON,HARRIS 
77207,HOUSTON,HARRIS 
77208,HOUSTON,HARRIS 
77209,HOUSTON,HARRIS 
77210,HOUSTON,HARRIS 
77212,HOUSTON,HARRIS 
77213,HOUSTON,HARRIS 
77215,HOUSTON,HARRIS 
77216,HOUSTON,HARRIS 
77217,HOUSTON,HARRIS 
77218,HOUSTON,HARRIS 
77219,HOUSTON,HARRIS 
77220,HOUSTON,HARRIS 
77221,HOUSTON,HARRIS 
77222,HOUSTON,HARRIS 
77223,HOUSTON,HARRIS 
77224,HOUSTON,HARRIS 
77225,HOUSTON,HARRIS 
77226,HOUSTON,HARRIS 
77227,HOUSTON,HARRIS 
77228,HOUSTON,HARRIS 
77229,HOUSTON,HARRIS 
77230,HOUSTON,HARRIS 
77231,HOUSTON,HARRIS 
77233,HOUSTON,HARRIS 
77234,HOUSTON,HARRIS 
77235,HOUSTON,HARRIS 
77236,HOUSTON,HARRIS 
77237,HOUSTON,HARRIS 
77238,HOUSTON,HARRIS 
77240,HOUSTON,HARRIS 
77241,HOUSTON,HARRIS 
77242,HOUSTON,HARRIS 
77243,HOUSTON,HARRIS 
77244,HOUSTON,HARRIS 
77245,HOUSTON,HARRIS 
77246,HOUSTON,HARRIS 
77247,HOUSTON,HARRIS 
77248,HOUSTON,HARRIS 
77249,HOUSTON,HARRIS 
77250,HOUSTON,HARRIS 
77251,HOUSTON,HARRIS 
77252,HOUSTON,HARRIS 
77253,HOUSTON,HARRIS 
77254,HOUSTON,HARRIS 
77255,HOUSTON,HARRIS 
77256,HOUSTON,HARRIS 
77257,HOUSTON,HARRIS 
77258,HOUSTON,HARRIS 
77259,HOUSTON,HARRIS 
77260,HOUSTON,HARRIS 
77261,HOUSTON,HARRIS 
77262,HOUSTON,HARRIS 
77263,HOUSTON,HARRIS 
77265,HOUSTON,HARRIS 
77266,HOUSTON,HARRIS 
77267,HOUSTON,HARRIS 
77268,HOUSTON,HARRIS 
77269,HOUSTON,HARRIS 
77270,HOUSTON,HARRIS 
77271,HOUSTON,HARRIS 
77272,HOUSTON,HARRIS 
77273,HOUSTON,HARRIS 
77274,HOUSTON,HARRIS 
77275,HOUSTON,HARRIS 
77276,HOUSTON,HARRIS 
77277,HOUSTON,HARRIS 
77278,HOUSTON,HARRIS 
77279,HOUSTON,HARRIS 
77280,HOUSTON,HARRIS 
77282,HOUSTON,HARRIS 
77284,HOUSTON,HARRIS 
77285,HOUSTON,HARRIS 
77286,HOUSTON,HARRIS 
77287,HOUSTON,HARRIS 
77288,HOUSTON,HARRIS 
77289,HOUSTON,HARRIS 
77290,HOUSTON,HARRIS 
77291,HOUSTON,HARRIS 
77292,HOUSTON,HARRIS 
77293,HOUSTON,HARRIS 
77294,HOUSTON,HARRIS 
77296,HOUSTON,HARRIS 
77297,HOUSTON,HARRIS 
77298,HOUSTON,HARRIS 
77299,HOUSTON,HARRIS 
77301,CONROE,MONTGOMERY 
77302,CONROE,MONTGOMERY 
77303,CONROE,MONTGOMERY 
77304,CONROE,MONTGOMERY 
77305,CONROE,MONTGOMERY 
77306,CONROE,MONTGOMERY 
77315,NORTH HOUSTON,HARRIS 
77316,MONTGOMERY,MONTGOMERY 
77318,WILLIS,MONTGOMERY 
77320,HUNTSVILLE,WALKER 
77325,KINGWOOD,HARRIS 
77326,ACE,POLK 
77327,CLEVELAND,LIBERTY 
77328,CLEVELAND,SAN JACINTO 
77331,COLDSPRING,SAN JACINTO 
77332,DALLARDSVILLE,POLK 
77333,DOBBIN,MONTGOMERY 
77334,DODGE,WALKER 
77335,GOODRICH,POLK 
77336,HUFFMAN,HARRIS 
77337,HUFSMITH,HARRIS 
77338,HUMBLE,HARRIS 
77339,KINGWOOD,HARRIS 
77340,HUNTSVILLE,WALKER 
77341,HUNTSVILLE,WALKER 
77342,HUNTSVILLE,WALKER 
77343,HUNTSVILLE,WALKER 
77344,HUNTSVILLE,WALKER 
77345,KINGWOOD,HARRIS 
77346,HUMBLE,HARRIS 
77347,HUMBLE,HARRIS 
77348,HUNTSVILLE,WALKER 
77349,HUNTSVILLE,WALKER 
77350,LEGGETT,POLK 
77351,LIVINGSTON,POLK 
77353,MAGNOLIA,MONTGOMERY 
77354,MAGNOLIA,MONTGOMERY 
77355,MAGNOLIA,MONTGOMERY 
77356,MONTGOMERY,MONTGOMERY 
77357,NEW CANEY,MONTGOMERY 
77358,NEW WAVERLY,WALKER 
77359,OAKHURST,SAN JACINTO 
77360,ONALASKA,POLK 
77362,PINEHURST,MONTGOMERY 
77363,PLANTERSVILLE,GRIMES 
77364,POINTBLANK,SAN JACINTO 
77365,PORTER,MONTGOMERY 
77367,RIVERSIDE,WALKER 
77368,ROMAYOR,LIBERTY 
77369,RYE,LIBERTY 
77371,SHEPHERD,SAN JACINTO 
77372,SPLENDORA,MONTGOMERY 
77373,SPRING,HARRIS 
77374,THICKET,HARDIN 
77375,TOMBALL,HARRIS 
77376,VOTAW,HARDIN 
77377,TOMBALL,HARRIS 
77378,WILLIS,MONTGOMERY 
77379,SPRING,HARRIS 
77380,SPRING,MONTGOMERY 
77381,SPRING,MONTGOMERY 
77382,SPRING,MONTGOMERY 
77383,SPRING,HARRIS 
77384,CONROE,MONTGOMERY 
77385,CONROE,MONTGOMERY 
77386,SPRING,MONTGOMERY 
77387,SPRING,HARRIS 
77388,SPRING,HARRIS 
77389,SPRING,HARRIS 
77391,SPRING,HARRIS 
77393,SPRING,HARRIS 
77396,HUMBLE,HARRIS 
77399,LIVINGSTON,POLK 
77401,BELLAIRE,HARRIS 
77402,BELLAIRE,HARRIS 
77404,BAY CITY,MATAGORDA 
77406,RICHMOND,FORT BEND 
77407,RICHMOND,FORT BEND 
77410,CYPRESS,HARRIS 
77411,ALIEF,HARRIS 
77412,ALTAIR,COLORADO 
77413,BARKER,HARRIS 
77414,BAY CITY,MATAGORDA 
77415,CEDAR LANE,MATAGORDA 
77417,BEASLEY,FORT BEND 
77418,BELLVILLE,AUSTIN 
77419,BLESSING,MATAGORDA 
77420,BOLING,WHARTON 
77422,BRAZORIA,BRAZORIA 
77423,BROOKSHIRE,WALLER 
77426,CHAPPELL HILL,WASHINGTON 
77428,COLLEGEPORT,MATAGORDA 
77429,CYPRESS,HARRIS 
77430,DAMON,BRAZORIA 
77431,DANCIGER,BRAZORIA 
77432,DANEVANG,WHARTON 
77433,CYPRESS,HARRIS 
77434,EAGLE LAKE,COLORADO 
77435,EAST BERNARD,WHARTON 
77436,EGYPT,WHARTON 
77437,EL CAMPO,WHARTON 
77440,ELMATON,MATAGORDA 
77441,FULSHEAR,FORT BEND 
77442,GARWOOD,COLORADO 
77443,GLEN FLORA,WHARTON 
77444,GUY,FORT BEND 
77445,HEMPSTEAD,WALLER 
77446,PRAIRIE VIEW,WALLER 
77447,HOCKLEY,HARRIS 
77448,HUNGERFORD,WHARTON 
77449,KATY,HARRIS 
77450,KATY,HARRIS 
77451,KENDLETON,FORT BEND 
77452,KENNEY,AUSTIN 
77453,LANE CITY,WHARTON 
77454,LISSIE,WHARTON 
77455,LOUISE,WHARTON 
77456,MARKHAM,MATAGORDA 
77457,MATAGORDA,MATAGORDA 
77458,MIDFIELD,MATAGORDA 
77459,MISSOURI CITY,FORT BEND 
77460,NADA,COLORADO 
77461,NEEDVILLE,FORT BEND 
77463,OLD OCEAN,BRAZORIA 
77464,ORCHARD,FORT BEND 
77465,PALACIOS,MATAGORDA 
77466,PATTISON,WALLER 
77467,PIERCE,WHARTON 
77468,PLEDGER,MATAGORDA 
77469,RICHMOND,FORT BEND 
77470,ROCK ISLAND,COLORADO 
77471,ROSENBERG,FORT BEND 
77473,SAN FELIPE,AUSTIN 
77474,SEALY,AUSTIN 
77475,SHERIDAN,COLORADO 
77476,SIMONTON,FORT BEND 
77477,STAFFORD,FORT BEND 
77478,SUGAR LAND,FORT BEND 
77479,SUGAR LAND,FORT BEND 
77480,SWEENY,BRAZORIA 
77481,THOMPSONS,FORT BEND 
77482,VAN VLECK,MATAGORDA 
77483,WADSWORTH,MATAGORDA 
77484,WALLER,WALLER 
77485,WALLIS,AUSTIN 
77486,WEST COLUMBIA,BRAZORIA 
77487,SUGAR LAND,FORT BEND 
77488,WHARTON,WHARTON 
77489,MISSOURI CITY,FORT BEND 
77491,KATY,WALLER 
77492,KATY,WALLER 
77493,KATY,HARRIS 
77494,KATY,FORT BEND 
77496,SUGAR LAND,FORT BEND 
77497,STAFFORD,FORT BEND 
77498,SUGAR LAND,FORT BEND 
77501,PASADENA,HARRIS 
77502,PASADENA,HARRIS 
77503,PASADENA,HARRIS 
77504,PASADENA,HARRIS 
77505,PASADENA,HARRIS 
77506,PASADENA,HARRIS 
77507,PASADENA,HARRIS 
77508,PASADENA,HARRIS 
77510,SANTA FE,GALVESTON 
77511,ALVIN,BRAZORIA 
77512,ALVIN,BRAZORIA 
77514,ANAHUAC,CHAMBERS 
77515,ANGLETON,BRAZORIA 
77516,ANGLETON,BRAZORIA 
77517,SANTA FE,GALVESTON 
77518,BACLIFF,GALVESTON 
77519,BATSON,HARDIN 
77520,BAYTOWN,HARRIS 
77521,BAYTOWN,HARRIS 
77522,BAYTOWN,HARRIS 
77523,BAYTOWN,CHAMBERS 
77530,CHANNELVIEW,HARRIS 
77531,CLUTE,BRAZORIA 
77532,CROSBY,HARRIS 
77533,DAISETTA,LIBERTY 
77534,DANBURY,BRAZORIA 
77535,DAYTON,LIBERTY 
77536,DEER PARK,HARRIS 
77538,DEVERS,LIBERTY 
77539,DICKINSON,GALVESTON 
77541,FREEPORT,BRAZORIA 
77542,FREEPORT,BRAZORIA 
77545,FRESNO,FORT BEND 
77546,FRIENDSWOOD,GALVESTON 
77547,GALENA PARK,HARRIS 
77549,FRIENDSWOOD,GALVESTON 
77550,GALVESTON,GALVESTON 
77551,GALVESTON,GALVESTON 
77552,GALVESTON,GALVESTON 
77553,GALVESTON,GALVESTON 
77554,GALVESTON,GALVESTON 
77555,GALVESTON,GALVESTON 
77560,HANKAMER,CHAMBERS 
77561,HARDIN,LIBERTY 
77562,HIGHLANDS,HARRIS 
77563,HITCHCOCK,GALVESTON 
77564,HULL,LIBERTY 
77565,KEMAH,GALVESTON 
77566,LAKE JACKSON,BRAZORIA 
77568,LA MARQUE,GALVESTON 
77571,LA PORTE,HARRIS 
77572,LA PORTE,HARRIS 
77573,LEAGUE CITY,GALVESTON 
77574,LEAGUE CITY,GALVESTON 
77575,LIBERTY,LIBERTY 
77577,LIVERPOOL,BRAZORIA 
77578,MANVEL,BRAZORIA 
77580,MONT BELVIEU,CHAMBERS 
77581,PEARLAND,BRAZORIA 
77582,RAYWOOD,LIBERTY 
77583,ROSHARON,BRAZORIA 
77584,PEARLAND,BRAZORIA 
77585,SARATOGA,HARDIN 
77586,SEABROOK,HARRIS 
77587,SOUTH HOUSTON,HARRIS 
77588,PEARLAND,BRAZORIA 
77590,TEXAS CITY,GALVESTON 
77591,TEXAS CITY,GALVESTON 
77592,TEXAS CITY,GALVESTON 
77597,WALLISVILLE,CHAMBERS 
77598,WEBSTER,HARRIS 
77611,BRIDGE CITY,ORANGE 
77612,BUNA,JASPER 
77613,CHINA,JEFFERSON 
77614,DEWEYVILLE,NEWTON 
77615,EVADALE,JASPER 
77616,FRED,TYLER 
77617,GILCHRIST,GALVESTON 
77619,GROVES,JEFFERSON 
77622,HAMSHIRE,JEFFERSON 
77623,HIGH ISLAND,GALVESTON 
77624,HILLISTER,TYLER 
77625,KOUNTZE,HARDIN 
77626,MAURICEVILLE,ORANGE 
77627,NEDERLAND,JEFFERSON 
77629,NOME,JEFFERSON 
77630,ORANGE,ORANGE 
77631,ORANGE,ORANGE 
77632,ORANGE,ORANGE 
77639,ORANGEFIELD,ORANGE 
77640,PORT ARTHUR,JEFFERSON 
77641,PORT ARTHUR,JEFFERSON 
77642,PORT ARTHUR,JEFFERSON 
77643,PORT ARTHUR,JEFFERSON 
77650,PORT BOLIVAR,GALVESTON 
77651,PORT NECHES,JEFFERSON 
77655,SABINE PASS,JEFFERSON 
77656,SILSBEE,HARDIN 
77657,LUMBERTON,HARDIN 
77659,SOUR LAKE,HARDIN 
77660,SPURGER,TYLER 
77661,STOWELL,CHAMBERS 
77662,VIDOR,ORANGE 
77663,VILLAGE MILLS,HARDIN 
77664,WARREN,TYLER 
77665,WINNIE,CHAMBERS 
77670,VIDOR,ORANGE 
77701,BEAUMONT,JEFFERSON 
77702,BEAUMONT,JEFFERSON 
77703,BEAUMONT,JEFFERSON 
77704,BEAUMONT,JEFFERSON 
77705,BEAUMONT,JEFFERSON 
77706,BEAUMONT,JEFFERSON 
77707,BEAUMONT,JEFFERSON 
77708,BEAUMONT,JEFFERSON 
77709,BEAUMONT,JEFFERSON 
77710,BEAUMONT,JEFFERSON 
77713,BEAUMONT,JEFFERSON 
77720,BEAUMONT,JEFFERSON 
77725,BEAUMONT,JEFFERSON 
77726,BEAUMONT,JEFFERSON 
77801,BRYAN,BRAZOS 
77802,BRYAN,BRAZOS 
77803,BRYAN,BRAZOS 
77805,BRYAN,BRAZOS 
77806,BRYAN,BRAZOS 
77807,BRYAN,BRAZOS 
77808,BRYAN,BRAZOS 
77830,ANDERSON,GRIMES 
77831,BEDIAS,GRIMES 
77833,BRENHAM,WASHINGTON 
77834,BRENHAM,WASHINGTON 
77835,BURTON,WASHINGTON 
77836,CALDWELL,BURLESON 
77837,CALVERT,ROBERTSON 
77838,CHRIESMAN,BURLESON 
77840,COLLEGE STATION,BRAZOS 
77841,COLLEGE STATION,BRAZOS 
77842,COLLEGE STATION,BRAZOS 
77843,COLLEGE STATION,BRAZOS 
77844,COLLEGE STATION,BRAZOS 
77845,COLLEGE STATION,BRAZOS 
77850,CONCORD,LEON 
77852,DEANVILLE,BURLESON 
77853,DIME BOX,LEE 
77855,FLYNN,LEON 
77856,FRANKLIN,ROBERTSON 
77857,GAUSE,MILAM 
77859,HEARNE,ROBERTSON 
77861,IOLA,GRIMES 
77862,KURTEN,BRAZOS 
77863,LYONS,BURLESON 
77864,MADISONVILLE,MADISON 
77865,MARQUEZ,LEON 
77866,MILLICAN,BRAZOS 
77867,MUMFORD,ROBERTSON 
77868,NAVASOTA,GRIMES 
77869,NAVASOTA,GRIMES 
77870,NEW BADEN,ROBERTSON 
77871,NORMANGEE,LEON 
77872,NORTH ZULCH,MADISON 
77873,RICHARDS,GRIMES 
77875,ROANS PRAIRIE,GRIMES 
77876,SHIRO,GRIMES 
77878,SNOOK,BURLESON 
77879,SOMERVILLE,BURLESON 
77880,WASHINGTON,WASHINGTON 
77881,WELLBORN,BRAZOS 
77882,WHEELOCK,ROBERTSON 
77901,VICTORIA,VICTORIA 
77902,VICTORIA,VICTORIA 
77903,VICTORIA,VICTORIA 
77904,VICTORIA,VICTORIA 
77905,VICTORIA,VICTORIA 
77950,AUSTWELL,REFUGIO 
77951,BLOOMINGTON,VICTORIA 
77954,CUERO,DEWITT 
77957,EDNA,JACKSON 
77960,FANNIN,GOLIAD 
77961,FRANCITAS,JACKSON 
77962,GANADO,JACKSON 
77963,GOLIAD,GOLIAD 
77964,HALLETTSVILLE,LAVACA 
77967,HOCHHEIM,DE WITT 
77968,INEZ,VICTORIA 
77969,LA SALLE,JACKSON 
77970,LA WARD,JACKSON 
77971,LOLITA,JACKSON 
77973,MCFADDIN,VICTORIA 
77974,MEYERSVILLE,VICTORIA 
77975,MOULTON,LAVACA 
77976,NURSERY,VICTORIA 
77977,PLACEDO,VICTORIA 
77978,POINT COMFORT,CALHOUN 
77979,PORT LAVACA,CALHOUN 
77982,PORT O CONNOR,CALHOUN 
77983,SEADRIFT,CALHOUN 
77984,SHINER,LAVACA 
77986,SUBLIME,LAVACA 
77987,SWEET HOME,LAVACA 
77988,TELFERNER,VICTORIA 
77989,THOMASTON,DE WITT 
77990,TIVOLI,REFUGIO 
77991,VANDERBILT,JACKSON 
77993,WEESATCHE,GOLIAD 
77994,WESTHOFF,DEWITT 
77995,YOAKUM,LAVACA 
78001,ARTESIA WELLS,LA SALLE 
78002,ATASCOSA,BEXAR 
78003,BANDERA,BANDERA 
78004,BERGHEIM,KENDALL 
78005,BIGFOOT,FRIO 
78006,BOERNE,KENDALL 
78007,CALLIHAM,MCMULLEN 
78008,CAMPBELLTON,ATASCOSA 
78009,CASTROVILLE,MEDINA 
78010,CENTER POINT,KERR 
78011,CHARLOTTE,ATASCOSA 
78012,CHRISTINE,ATASCOSA 
78013,COMFORT,KENDALL 
78014,COTULLA,LA SALLE 
78015,BOERNE,BEXAR 
78016,DEVINE,MEDINA 
78017,DILLEY,FRIO 
78019,ENCINAL,LA SALLE 
78021,FOWLERTON,LA SALLE 
78022,GEORGE WEST,LIVE OAK 
78023,HELOTES,BEXAR 
78024,HUNT,KERR 
78025,INGRAM,KERR 
78026,JOURDANTON,ATASCOSA 
78027,KENDALIA,KENDALL 
78028,KERRVILLE,KERR 
78029,KERRVILLE,KERR 
78039,LA COSTE,MEDINA 
78040,LAREDO,WEBB 
78041,LAREDO,WEBB 
78042,LAREDO,WEBB 
78043,LAREDO,WEBB 
78044,LAREDO,WEBB 
78045,LAREDO,WEBB 
78046,LAREDO,WEBB 
78049,LAREDO,WEBB 
78050,LEMING,ATASCOSA 
78052,LYTLE,ATASCOSA 
78054,MACDONA,BEXAR 
78055,MEDINA,BANDERA 
78056,MICO,MEDINA 
78057,MOORE,FRIO 
78058,MOUNTAIN HOME,KERR 
78059,NATALIA,MEDINA 
78060,OAKVILLE,LIVE OAK 
78061,PEARSALL,FRIO 
78062,PEGGY,ATASCOSA 
78063,PIPE CREEK,BANDERA 
78064,PLEASANTON,ATASCOSA 
78065,POTEET,ATASCOSA 
78066,RIO MEDINA,MEDINA 
78067,SAN YGNACIO,ZAPATA 
78069,SOMERSET,ATASCOSA 
78070,SPRING BRANCH,COMAL 
78071,THREE RIVERS,LIVE OAK 
78072,TILDEN,MCMULLEN 
78073,VON ORMY,BEXAR 
78074,WARING,KENDALL 
78075,WHITSETT,LIVE OAK 
78076,ZAPATA,ZAPATA 
78101,ADKINS,BEXAR 
78102,BEEVILLE,BEE 
78104,BEEVILLE,BEE 
78107,BERCLAIR,GOLIAD 
78108,CIBOLO,GUADALUPE 
78109,CONVERSE,BEXAR 
78111,ECLETO,KARNES 
78112,ELMENDORF,BEXAR 
78113,FALLS CITY,KARNES 
78114,FLORESVILLE,WILSON 
78115,GERONIMO,GUADALUPE 
78116,GILLETT,KARNES 
78117,HOBSON,KARNES 
78118,KARNES CITY,KARNES 
78119,KENEDY,KARNES 
78121,LA VERNIA,WILSON 
78122,LEESVILLE,GONZALES 
78123,MC QUEENEY,GUADALUPE 
78124,MARION,GUADALUPE 
78125,MINERAL,BEE 
78130,NEW BRAUNFELS,COMAL 
78131,NEW BRAUNFELS,COMAL 
78132,NEW BRAUNFELS,COMAL 
78133,CANYON LAKE,COMAL 
78135,NEW BRAUNFELS,COMAL 
78140,NIXON,GONZALES 
78141,NORDHEIM,DEWITT 
78142,NORMANNA,BEE 
78143,PANDORA,WILSON 
78144,PANNA MARIA,KARNES 
78145,PAWNEE,BEE 
78146,PETTUS,BEE 
78147,POTH,WILSON 
78148,UNIVERSAL CITY,BEXAR 
78150,JBSA RANDOLPH,BEXAR 
78151,RUNGE,KARNES 
78152,SAINT HEDWIG,BEXAR 
78154,SCHERTZ,GUADALUPE 
78155,SEGUIN,GUADALUPE 
78156,SEGUIN,GUADALUPE 
78159,SMILEY,GONZALES 
78160,STOCKDALE,WILSON 
78161,SUTHERLAND SPRINGS,WILSON 
78162,TULETA,BEE 
78163,BULVERDE,COMAL 
78164,YORKTOWN,DEWITT 
78201,SAN ANTONIO,BEXAR 
78202,SAN ANTONIO,BEXAR 
78203,SAN ANTONIO,BEXAR 
78204,SAN ANTONIO,BEXAR 
78205,SAN ANTONIO,BEXAR 
78206,SAN ANTONIO,BEXAR 
78207,SAN ANTONIO,BEXAR 
78208,SAN ANTONIO,BEXAR 
78209,SAN ANTONIO,BEXAR 
78210,SAN ANTONIO,BEXAR 
78211,SAN ANTONIO,BEXAR 
78212,SAN ANTONIO,BEXAR 
78213,SAN ANTONIO,BEXAR 
78214,SAN ANTONIO,BEXAR 
78215,SAN ANTONIO,BEXAR 
78216,SAN ANTONIO,BEXAR 
78217,SAN ANTONIO,BEXAR 
78218,SAN ANTONIO,BEXAR 
78219,SAN ANTONIO,BEXAR 
78220,SAN ANTONIO,BEXAR 
78221,SAN ANTONIO,BEXAR 
78222,SAN ANTONIO,BEXAR 
78223,SAN ANTONIO,BEXAR 
78224,SAN ANTONIO,BEXAR 
78225,SAN ANTONIO,BEXAR 
78226,SAN ANTONIO,BEXAR 
78227,SAN ANTONIO,BEXAR 
78228,SAN ANTONIO,BEXAR 
78229,SAN ANTONIO,BEXAR 
78230,SAN ANTONIO,BEXAR 
78231,SAN ANTONIO,BEXAR 
78232,SAN ANTONIO,BEXAR 
78233,SAN ANTONIO,BEXAR 
78234,JBSA FT SAM HOUSTON,BEXAR 
78235,SAN ANTONIO,BEXAR 
78236,JBSA LACKLAND,BEXAR 
78237,SAN ANTONIO,BEXAR 
78238,SAN ANTONIO,BEXAR 
78239,SAN ANTONIO,BEXAR 
78240,SAN ANTONIO,BEXAR 
78241,SAN ANTONIO,BEXAR 
78242,SAN ANTONIO,BEXAR 
78243,SAN ANTONIO,BEXAR 
78244,SAN ANTONIO,BEXAR 
78245,SAN ANTONIO,BEXAR 
78246,SAN ANTONIO,BEXAR 
78247,SAN ANTONIO,BEXAR 
78248,SAN ANTONIO,BEXAR 
78249,SAN ANTONIO,BEXAR 
78250,SAN ANTONIO,BEXAR 
78251,SAN ANTONIO,BEXAR 
78252,SAN ANTONIO,BEXAR 
78253,SAN ANTONIO,BEXAR 
78254,SAN ANTONIO,BEXAR 
78255,SAN ANTONIO,BEXAR 
78256,SAN ANTONIO,BEXAR 
78257,SAN ANTONIO,BEXAR 
78258,SAN ANTONIO,BEXAR 
78259,SAN ANTONIO,BEXAR 
78260,SAN ANTONIO,BEXAR 
78261,SAN ANTONIO,BEXAR 
78262,SAN ANTONIO,BEXAR 
78263,SAN ANTONIO,BEXAR 
78264,SAN ANTONIO,BEXAR 
78265,SAN ANTONIO,BEXAR 
78266,SAN ANTONIO,COMAL 
78268,SAN ANTONIO,BEXAR 
78269,SAN ANTONIO,BEXAR 
78270,SAN ANTONIO,BEXAR 
78275,SAN ANTONIO,BEXAR 
78278,SAN ANTONIO,BEXAR 
78279,SAN ANTONIO,BEXAR 
78280,SAN ANTONIO,BEXAR 
78283,SAN ANTONIO,BEXAR 
78284,SAN ANTONIO,BEXAR 
78285,SAN ANTONIO,BEXAR 
78286,SAN ANTONIO,BEXAR 
78287,SAN ANTONIO,BEXAR 
78288,SAN ANTONIO,BEXAR 
78289,SAN ANTONIO,BEXAR 
78291,SAN ANTONIO,BEXAR 
78292,SAN ANTONIO,BEXAR 
78293,SAN ANTONIO,BEXAR 
78294,SAN ANTONIO,BEXAR 
78295,SAN ANTONIO,BEXAR 
78296,SAN ANTONIO,BEXAR 
78297,SAN ANTONIO,BEXAR 
78298,SAN ANTONIO,BEXAR 
78299,SAN ANTONIO,BEXAR 
78330,AGUA DULCE,NUECES 
78332,ALICE,JIM WELLS 
78333,ALICE,JIM WELLS 
78335,ARANSAS PASS,NUECES 
78336,ARANSAS PASS,SAN PATRICIO 
78338,ARMSTRONG,KENEDY 
78339,BANQUETE,NUECES 
78340,BAYSIDE,REFUGIO 
78341,BENAVIDES,DUVAL 
78342,BEN BOLT,JIM WELLS 
78343,BISHOP,NUECES 
78344,BRUNI,WEBB 
78347,CHAPMAN RANCH,NUECES 
78349,CONCEPCION,DUVAL 
78350,DINERO,LIVE OAK 
78351,DRISCOLL,NUECES 
78352,EDROY,SAN PATRICIO 
78353,ENCINO,BROOKS 
78355,FALFURRIAS,BROOKS 
78357,FREER,DUVAL 
78358,FULTON,ARANSAS 
78359,GREGORY,SAN PATRICIO 
78360,GUERRA,JIM HOGG 
78361,HEBBRONVILLE,JIM HOGG 
78362,INGLESIDE,SAN PATRICIO 
78363,KINGSVILLE,KLEBERG 
78364,KINGSVILLE,KLEBERG 
78368,MATHIS,SAN PATRICIO 
78369,MIRANDO CITY,WEBB 
78370,ODEM,SAN PATRICIO 
78371,OILTON,WEBB 
78372,ORANGE GROVE,JIM WELLS 
78373,PORT ARANSAS,NUECES 
78374,PORTLAND,SAN PATRICIO 
78375,PREMONT,JIM WELLS 
78376,REALITOS,DUVAL 
78377,REFUGIO,REFUGIO 
78379,RIVIERA,KLEBERG 
78380,ROBSTOWN,NUECES 
78381,ROCKPORT,ARANSAS 
78382,ROCKPORT,ARANSAS 
78383,SANDIA,JIM WELLS 
78384,SAN DIEGO,DUVAL 
78385,SARITA,KENEDY 
78387,SINTON,SAN PATRICIO 
78389,SKIDMORE,BEE 
78390,TAFT,SAN PATRICIO 
78391,TYNAN,BEE 
78393,WOODSBORO,REFUGIO 
78401,CORPUS CHRISTI,NUECES 
78402,CORPUS CHRISTI,NUECES 
78403,CORPUS CHRISTI,NUECES 
78404,CORPUS CHRISTI,NUECES 
78405,CORPUS CHRISTI,NUECES 
78406,CORPUS CHRISTI,NUECES 
78407,CORPUS CHRISTI,NUECES 
78408,CORPUS CHRISTI,NUECES 
78409,CORPUS CHRISTI,NUECES 
78410,CORPUS CHRISTI,NUECES 
78411,CORPUS CHRISTI,NUECES 
78412,CORPUS CHRISTI,NUECES 
78413,CORPUS CHRISTI,NUECES 
78414,CORPUS CHRISTI,NUECES 
78415,CORPUS CHRISTI,NUECES 
78416,CORPUS CHRISTI,NUECES 
78417,CORPUS CHRISTI,NUECES 
78418,CORPUS CHRISTI,NUECES 
78419,CORPUS CHRISTI,NUECES 
78426,CORPUS CHRISTI,NUECES 
78427,CORPUS CHRISTI,NUECES 
78460,CORPUS CHRISTI,NUECES 
78461,CORPUS CHRISTI,NUECES 
78463,CORPUS CHRISTI,NUECES 
78465,CORPUS CHRISTI,NUECES 
78466,CORPUS CHRISTI,NUECES 
78467,CORPUS CHRISTI,NUECES 
78468,CORPUS CHRISTI,NUECES 
78469,CORPUS CHRISTI,NUECES 
78470,CORPUS CHRISTI,NUECES 
78471,CORPUS CHRISTI,NUECES 
78472,CORPUS CHRISTI,NUECES 
78473,CORPUS CHRISTI,NUECES 
78474,CORPUS CHRISTI,NUECES 
78475,CORPUS CHRISTI,NUECES 
78476,CORPUS CHRISTI,NUECES 
78477,CORPUS CHRISTI,NUECES 
78478,CORPUS CHRISTI,NUECES 
78480,CORPUS CHRISTI,NUECES 
78501,MCALLEN,HIDALGO 
78502,MCALLEN,HIDALGO 
78503,MCALLEN,HIDALGO 
78504,MCALLEN,HIDALGO 
78505,MCALLEN,HIDALGO 
78516,ALAMO,HIDALGO 
78520,BROWNSVILLE,CAMERON 
78521,BROWNSVILLE,CAMERON 
78522,BROWNSVILLE,CAMERON 
78523,BROWNSVILLE,CAMERON 
78526,BROWNSVILLE,CAMERON 
78535,COMBES,CAMERON 
78536,DELMITA,STARR 
78537,DONNA,HIDALGO 
78538,EDCOUCH,HIDALGO 
78539,EDINBURG,HIDALGO 
78540,EDINBURG,HIDALGO 
78541,EDINBURG,HIDALGO 
78542,EDINBURG,HIDALGO 
78543,ELSA,HIDALGO 
78545,FALCON HEIGHTS,STARR 
78547,GARCIASVILLE,STARR 
78548,GRULLA,STARR 
78549,HARGILL,HIDALGO 
78550,HARLINGEN,CAMERON 
78551,HARLINGEN,CAMERON 
78552,HARLINGEN,CAMERON 
78553,HARLINGEN,CAMERON 
78557,HIDALGO,HIDALGO 
78558,LA BLANCA,HIDALGO 
78559,LA FERIA,CAMERON 
78560,LA JOYA,HIDALGO 
78561,LASARA,WILLACY 
78562,LA VILLA,HIDALGO 
78563,LINN,HIDALGO 
78564,LOPENO,ZAPATA 
78565,LOS EBANOS,HIDALGO 
78566,LOS FRESNOS,CAMERON 
78567,LOS INDIOS,CAMERON 
78568,LOZANO,CAMERON 
78569,LYFORD,WILLACY 
78570,MERCEDES,HIDALGO 
78572,MISSION,HIDALGO 
78573,MISSION,HIDALGO 
78574,MISSION,HIDALGO 
78575,OLMITO,CAMERON 
78576,PENITAS,HIDALGO 
78577,PHARR,HIDALGO 
78578,PORT ISABEL,CAMERON 
78579,PROGRESO,HIDALGO 
78580,RAYMONDVILLE,WILLACY 
78582,RIO GRANDE CITY,STARR 
78583,RIO HONDO,CAMERON 
78584,ROMA,STARR 
78585,SALINENO,STARR 
78586,SAN BENITO,CAMERON 
78588,SAN ISIDRO,STARR 
78589,SAN JUAN,HIDALGO 
78590,SAN PERLITA,WILLACY 
78591,SANTA ELENA,STARR 
78592,SANTA MARIA,CAMERON 
78593,SANTA ROSA,CAMERON 
78594,SEBASTIAN,WILLACY 
78595,SULLIVAN CITY,HIDALGO 
78596,WESLACO,HIDALGO 
78597,SOUTH PADRE ISLAND,CAMERON 
78598,PORT MANSFIELD,WILLACY 
78599,WESLACO,HIDALGO 
78602,BASTROP,BASTROP 
78604,BELMONT,GONZALES 
78605,BERTRAM,BURNET 
78606,BLANCO,BLANCO 
78607,BLUFFTON,LLANO 
78608,BRIGGS,BURNET 
78609,BUCHANAN DAM,LLANO 
78610,BUDA,HAYS 
78611,BURNET,BURNET 
78612,CEDAR CREEK,BASTROP 
78613,CEDAR PARK,WILLIAMSON 
78614,COST,GONZALES 
78615,COUPLAND,WILLIAMSON 
78616,DALE,CALDWELL 
78617,DEL VALLE,TRAVIS 
78618,DOSS,GILLESPIE 
78619,DRIFTWOOD,HAYS 
78620,DRIPPING SPRINGS,HAYS 
78621,ELGIN,BASTROP 
78622,FENTRESS,CALDWELL 
78623,FISCHER,COMAL 
78624,FREDERICKSBURG,GILLESPIE 
78626,GEORGETOWN,WILLIAMSON 
78627,GEORGETOWN,WILLIAMSON 
78628,GEORGETOWN,WILLIAMSON 
78629,GONZALES,GONZALES 
78630,CEDAR PARK,WILLIAMSON 
78631,HARPER,GILLESPIE 
78632,HARWOOD,GONZALES 
78633,GEORGETOWN,WILLIAMSON 
78634,HUTTO,WILLIAMSON 
78635,HYE,BLANCO 
78636,JOHNSON CITY,BLANCO 
78638,KINGSBURY,GUADALUPE 
78639,KINGSLAND,LLANO 
78640,KYLE,HAYS 
78641,LEANDER,WILLIAMSON 
78642,LIBERTY HILL,WILLIAMSON 
78643,LLANO,LLANO 
78644,LOCKHART,CALDWELL 
78645,LEANDER,TRAVIS 
78646,LEANDER,WILLIAMSON 
78648,LULING,CALDWELL 
78650,MC DADE,BASTROP 
78651,MC NEIL,WILLIAMSON 
78652,MANCHACA,TRAVIS 
78653,MANOR,TRAVIS 
78654,MARBLE FALLS,BURNET 
78655,MARTINDALE,CALDWELL 
78656,MAXWELL,CALDWELL 
78657,HORSESHOE BAY,LLANO 
78658,OTTINE,GONZALES 
78659,PAIGE,BASTROP 
78660,PFLUGERVILLE,TRAVIS 
78661,PRAIRIE LEA,CALDWELL 
78662,RED ROCK,BASTROP 
78663,ROUND MOUNTAIN,BLANCO 
78664,ROUND ROCK,WILLIAMSON 
78665,ROUND ROCK,WILLIAMSON 
78666,SAN MARCOS,HAYS 
78667,SAN MARCOS,HAYS 
78669,SPICEWOOD,TRAVIS 
78670,STAPLES,GUADALUPE 
78671,STONEWALL,GILLESPIE 
78672,TOW,LLANO 
78673,WALBURG,WILLIAMSON 
78674,WEIR,WILLIAMSON 
78675,WILLOW CITY,GILLESPIE 
78676,WIMBERLEY,HAYS 
78677,WRIGHTSBORO,GONZALES 
78680,ROUND ROCK,WILLIAMSON 
78681,ROUND ROCK,WILLIAMSON 
78682,ROUND ROCK,WILLIAMSON 
78683,ROUND ROCK,WILLIAMSON 
78691,PFLUGERVILLE,TRAVIS 
78701,AUSTIN,TRAVIS 
78702,AUSTIN,TRAVIS 
78703,AUSTIN,TRAVIS 
78704,AUSTIN,TRAVIS 
78705,AUSTIN,TRAVIS 
78708,AUSTIN,TRAVIS 
78709,AUSTIN,TRAVIS 
78710,AUSTIN,TRAVIS 
78711,AUSTIN,TRAVIS 
78712,AUSTIN,TRAVIS 
78713,AUSTIN,TRAVIS 
78714,AUSTIN,TRAVIS 
78715,AUSTIN,TRAVIS 
78716,AUSTIN,TRAVIS 
78717,AUSTIN,WILLIAMSON 
78718,AUSTIN,TRAVIS 
78719,AUSTIN,TRAVIS 
78720,AUSTIN,TRAVIS 
78721,AUSTIN,TRAVIS 
78722,AUSTIN,TRAVIS 
78723,AUSTIN,TRAVIS 
78724,AUSTIN,TRAVIS 
78725,AUSTIN,TRAVIS 
78726,AUSTIN,TRAVIS 
78727,AUSTIN,TRAVIS 
78728,AUSTIN,TRAVIS 
78729,AUSTIN,WILLIAMSON 
78730,AUSTIN,TRAVIS 
78731,AUSTIN,TRAVIS 
78732,AUSTIN,TRAVIS 
78733,AUSTIN,TRAVIS 
78734,AUSTIN,TRAVIS 
78735,AUSTIN,TRAVIS 
78736,AUSTIN,TRAVIS 
78737,AUSTIN,HAYS 
78738,AUSTIN,TRAVIS 
78739,AUSTIN,TRAVIS 
78741,AUSTIN,TRAVIS 
78742,AUSTIN,TRAVIS 
78744,AUSTIN,TRAVIS 
78745,AUSTIN,TRAVIS 
78746,AUSTIN,TRAVIS 
78747,AUSTIN,TRAVIS 
78748,AUSTIN,TRAVIS 
78749,AUSTIN,TRAVIS 
78750,AUSTIN,TRAVIS 
78751,AUSTIN,TRAVIS 
78752,AUSTIN,TRAVIS 
78753,AUSTIN,TRAVIS 
78754,AUSTIN,TRAVIS 
78755,AUSTIN,TRAVIS 
78756,AUSTIN,TRAVIS 
78757,AUSTIN,TRAVIS 
78758,AUSTIN,TRAVIS 
78759,AUSTIN,TRAVIS 
78760,AUSTIN,TRAVIS 
78761,AUSTIN,TRAVIS 
78762,AUSTIN,TRAVIS 
78763,AUSTIN,TRAVIS 
78764,AUSTIN,TRAVIS 
78765,AUSTIN,TRAVIS 
78766,AUSTIN,TRAVIS 
78767,AUSTIN,TRAVIS 
78768,AUSTIN,TRAVIS 
78769,AUSTIN,TRAVIS 
78772,AUSTIN,TRAVIS 
78773,AUSTIN,TRAVIS 
78774,AUSTIN,TRAVIS 
78778,AUSTIN,TRAVIS 
78779,AUSTIN,TRAVIS 
78780,AUSTIN,TRAVIS 
78781,AUSTIN,TRAVIS 
78783,AUSTIN,TRAVIS 
78785,AUSTIN,TRAVIS 
78786,AUSTIN,TRAVIS 
78788,AUSTIN,TRAVIS 
78789,AUSTIN,TRAVIS 
78798,AUSTIN,TRAVIS 
78799,AUSTIN,TRAVIS 
78801,UVALDE,UVALDE 
78802,UVALDE,UVALDE 
78827,ASHERTON,DIMMIT 
78828,BARKSDALE,EDWARDS 
78829,BATESVILLE,ZAVALA 
78830,BIG WELLS,DIMMIT 
78832,BRACKETTVILLE,KINNEY 
78833,CAMP WOOD,REAL 
78834,CARRIZO SPRINGS,DIMMIT 
78836,CATARINA,DIMMIT 
78837,COMSTOCK,VAL VERDE 
78838,CONCAN,UVALDE 
78839,CRYSTAL CITY,ZAVALA 
78840,DEL RIO,VAL VERDE 
78841,DEL RIO,VAL VERDE 
78842,DEL RIO,VAL VERDE 
78843,LAUGHLIN AFB,VAL VERDE 
78847,DEL RIO,VAL VERDE 
78850,D HANIS,MEDINA 
78851,DRYDEN,TERRELL 
78852,EAGLE PASS,MAVERICK 
78853,EAGLE PASS,MAVERICK 
78860,EL INDIO,MAVERICK 
78861,HONDO,MEDINA 
78870,KNIPPA,UVALDE 
78871,LANGTRY,VAL VERDE 
78872,LA PRYOR,ZAVALA 
78873,LEAKEY,REAL 
78877,QUEMADO,MAVERICK 
78879,RIO FRIO,REAL 
78880,ROCKSPRINGS,EDWARDS 
78881,SABINAL,UVALDE 
78883,TARPLEY,BANDERA 
78884,UTOPIA,UVALDE 
78885,VANDERPOOL,BANDERA 
78886,YANCEY,MEDINA 
78931,BLEIBLERVILLE,AUSTIN 
78932,CARMINE,FAYETTE 
78933,CAT SPRING,COLORADO 
78934,COLUMBUS,COLORADO 
78935,ALLEYTON,COLORADO 
78938,ELLINGER,FAYETTE 
78940,FAYETTEVILLE,FAYETTE 
78941,FLATONIA,FAYETTE 
78942,GIDDINGS,LEE 
78943,GLIDDEN,COLORADO 
78944,INDUSTRY,AUSTIN 
78945,LA GRANGE,FAYETTE 
78946,LEDBETTER,LEE 
78947,LEXINGTON,LEE 
78948,LINCOLN,LEE 
78949,MULDOON,FAYETTE 
78950,NEW ULM,AUSTIN 
78951,OAKLAND,COLORADO 
78952,PLUM,FAYETTE 
78953,ROSANKY,BASTROP 
78954,ROUND TOP,FAYETTE 
78956,SCHULENBURG,FAYETTE 
78957,SMITHVILLE,BASTROP 
78959,WAELDER,GONZALES 
78960,WARDA,FAYETTE 
78961,WARRENTON,FAYETTE 
78962,WEIMAR,COLORADO 
78963,WEST POINT,FAYETTE 
79001,ADRIAN,OLDHAM 
79002,ALANREED,GRAY 
79003,ALLISON,WHEELER 
79005,BOOKER,LIPSCOMB 
79007,BORGER,HUTCHINSON 
79008,BORGER,HUTCHINSON 
79009,BOVINA,PARMER 
79010,BOYS RANCH,OLDHAM 
79011,BRISCOE,WHEELER 
79012,BUSHLAND,POTTER 
79013,CACTUS,MOORE 
79014,CANADIAN,HEMPHILL 
79015,CANYON,RANDALL 
79016,CANYON,RANDALL 
79018,CHANNING,HARTLEY 
79019,CLAUDE,ARMSTRONG 
79021,COTTON CENTER,HALE 
79022,DALHART,DALLAM 
79024,DARROUZETT,LIPSCOMB 
79025,DAWN,DEAF SMITH 
79027,DIMMITT,CASTRO 
79029,DUMAS,MOORE 
79031,EARTH,LAMB 
79032,EDMONSON,HALE 
79033,FARNSWORTH,OCHILTREE 
79034,FOLLETT,LIPSCOMB 
79035,FRIONA,PARMER 
79036,FRITCH,HUTCHINSON 
79039,GROOM,CARSON 
79040,GRUVER,HANSFORD 
79041,HALE CENTER,HALE 
79042,HAPPY,SWISHER 
79043,HART,CASTRO 
79044,HARTLEY,HARTLEY 
79045,HEREFORD,DEAF SMITH 
79046,HIGGINS,LIPSCOMB 
79051,KERRICK,DALLAM 
79052,KRESS,SWISHER 
79053,LAZBUDDIE,PARMER 
79054,LEFORS,GRAY 
79056,LIPSCOMB,LIPSCOMB 
79057,MCLEAN,GRAY 
79058,MASTERSON,POTTER 
79059,MIAMI,ROBERTS 
79061,MOBEETIE,WHEELER 
79062,MORSE,HANSFORD 
79063,NAZARETH,CASTRO 
79064,OLTON,LAMB 
79065,PAMPA,GRAY 
79066,PAMPA,GRAY 
79068,PANHANDLE,CARSON 
79070,PERRYTON,OCHILTREE 
79072,PLAINVIEW,HALE 
79073,PLAINVIEW,HALE 
79077,SAMNORWOOD,COLLINGSWORTH 
79078,SANFORD,HUTCHINSON 
79079,SHAMROCK,WHEELER 
79080,SKELLYTOWN,CARSON 
79081,SPEARMAN,HANSFORD 
79082,SPRINGLAKE,LAMB 
79083,STINNETT,HUTCHINSON 
79084,STRATFORD,SHERMAN 
79085,SUMMERFIELD,CASTRO 
79086,SUNRAY,MOORE 
79087,TEXLINE,DALLAM 
79088,TULIA,SWISHER 
79091,UMBARGER,RANDALL 
79092,VEGA,OLDHAM 
79093,WAKA,OCHILTREE 
79094,WAYSIDE,ARMSTRONG 
79095,WELLINGTON,COLLINGSWORTH 
79096,WHEELER,WHEELER 
79097,WHITE DEER,CARSON 
79098,WILDORADO,OLDHAM 
79101,AMARILLO,POTTER 
79102,AMARILLO,POTTER 
79103,AMARILLO,POTTER 
79104,AMARILLO,POTTER 
79105,AMARILLO,MOORE 
79106,AMARILLO,POTTER 
79107,AMARILLO,POTTER 
79108,AMARILLO,POTTER 
79109,AMARILLO,RANDALL 
79110,AMARILLO,RANDALL 
79111,AMARILLO,POTTER 
79114,AMARILLO,POTTER 
79116,AMARILLO,POTTER 
79117,AMARILLO,POTTER 
79118,AMARILLO,RANDALL 
79119,AMARILLO,RANDALL 
79120,AMARILLO,POTTER 
79121,AMARILLO,RANDALL 
79124,AMARILLO,POTTER 
79159,AMARILLO,POTTER 
79166,AMARILLO,POTTER 
79168,AMARILLO,POTTER 
79172,AMARILLO,POTTER 
79174,AMARILLO,POTTER 
79178,AMARILLO,POTTER 
79185,AMARILLO,POTTER 
79187,AMARILLO,POTTER 
79189,AMARILLO,POTTER 
79201,CHILDRESS,CHILDRESS 
79220,AFTON,DICKENS 
79221,AIKEN,FLOYD 
79223,CEE VEE,COTTLE 
79225,CHILLICOTHE,HARDEMAN 
79226,CLARENDON,DONLEY 
79227,CROWELL,FOARD 
79229,DICKENS,DICKENS 
79230,DODSON,COLLINGSWORTH 
79231,DOUGHERTY,FLOYD 
79233,ESTELLINE,HALL 
79234,FLOMOT,MOTLEY 
79235,FLOYDADA,FLOYD 
79236,GUTHRIE,KING 
79237,HEDLEY,DONLEY 
79239,LAKEVIEW,HALL 
79240,LELIA LAKE,DONLEY 
79241,LOCKNEY,FLOYD 
79243,MCADOO,DICKENS 
79244,MATADOR,MOTLEY 
79245,MEMPHIS,HALL 
79247,ODELL,WILBARGER 
79248,PADUCAH,COTTLE 
79250,PETERSBURG,HALE 
79251,QUAIL,COLLINGSWORTH 
79252,QUANAH,HARDEMAN 
79255,QUITAQUE,BRISCOE 
79256,ROARING SPRINGS,MOTLEY 
79257,SILVERTON,BRISCOE 
79258,SOUTH PLAINS,FLOYD 
79259,TELL,CHILDRESS 
79261,TURKEY,HALL 
79311,ABERNATHY,HALE 
79312,AMHERST,LAMB 
79313,ANTON,HOCKLEY 
79314,BLEDSOE,COCHRAN 
79316,BROWNFIELD,TERRY 
79320,BULA,BAILEY 
79322,CROSBYTON,CROSBY 
79323,DENVER CITY,YOAKUM 
79324,ENOCHS,BAILEY 
79325,FARWELL,PARMER 
79326,FIELDTON,LAMB 
79329,IDALOU,LUBBOCK 
79330,JUSTICEBURG,GARZA 
79331,LAMESA,DAWSON 
79336,LEVELLAND,HOCKLEY 
79338,LEVELLAND,HOCKLEY 
79339,LITTLEFIELD,LAMB 
79342,LOOP,GAINES 
79343,LORENZO,CROSBY 
79344,MAPLE,BAILEY 
79345,MEADOW,TERRY 
79346,MORTON,COCHRAN 
79347,MULESHOE,BAILEY 
79350,NEW DEAL,LUBBOCK 
79351,ODONNELL,LYNN 
79353,PEP,HOCKLEY 
79355,PLAINS,YOAKUM 
79356,POST,GARZA 
79357,RALLS,CROSBY 
79358,ROPESVILLE,HOCKLEY 
79359,SEAGRAVES,GAINES 
79360,SEMINOLE,GAINES 
79363,SHALLOWATER,LUBBOCK 
79364,SLATON,LUBBOCK 
79366,RANSOM CANYON,LUBBOCK 
79367,SMYER,HOCKLEY 
79369,SPADE,LAMB 
79370,SPUR,DICKENS 
79371,SUDAN,LAMB 
79372,SUNDOWN,HOCKLEY 
79373,TAHOKA,LYNN 
79376,TOKIO,YOAKUM 
79377,WELCH,DAWSON 
79378,WELLMAN,TERRY 
79379,WHITEFACE,COCHRAN 
79380,WHITHARRAL,HOCKLEY 
79381,WILSON,LYNN 
79382,WOLFFORTH,LUBBOCK 
79383,NEW HOME,LYNN 
79401,LUBBOCK,LUBBOCK 
79402,LUBBOCK,LUBBOCK 
79403,LUBBOCK,LUBBOCK 
79404,LUBBOCK,LUBBOCK 
79405,LUBBOCK,LUBBOCK 
79406,LUBBOCK,LUBBOCK 
79407,LUBBOCK,LUBBOCK 
79408,LUBBOCK,LUBBOCK 
79409,LUBBOCK,LUBBOCK 
79410,LUBBOCK,LUBBOCK 
79411,LUBBOCK,LUBBOCK 
79412,LUBBOCK,LUBBOCK 
79413,LUBBOCK,LUBBOCK 
79414,LUBBOCK,LUBBOCK 
79415,LUBBOCK,LUBBOCK 
79416,LUBBOCK,LUBBOCK 
79423,LUBBOCK,LUBBOCK 
79424,LUBBOCK,LUBBOCK 
79430,LUBBOCK,LUBBOCK 
79452,LUBBOCK,LUBBOCK 
79453,LUBBOCK,LUBBOCK 
79457,LUBBOCK,LUBBOCK 
79464,LUBBOCK,LUBBOCK 
79490,LUBBOCK,LUBBOCK 
79491,LUBBOCK,LUBBOCK 
79493,LUBBOCK,LUBBOCK 
79499,LUBBOCK,LUBBOCK 
79501,ANSON,JONES 
79502,ASPERMONT,STONEWALL 
79503,AVOCA,JONES 
79504,BAIRD,CALLAHAN 
79505,BENJAMIN,KNOX 
79506,BLACKWELL,NOLAN 
79508,BUFFALO GAP,TAYLOR 
79510,CLYDE,CALLAHAN 
79511,COAHOMA,HOWARD 
79512,COLORADO CITY,MITCHELL 
79516,DUNN,SCURRY 
79517,FLUVANNA,SCURRY 
79518,GIRARD,KENT 
79519,GOLDSBORO,COLEMAN 
79520,HAMLIN,JONES 
79521,HASKELL,HASKELL 
79525,HAWLEY,JONES 
79526,HERMLEIGH,SCURRY 
79527,IRA,SCURRY 
79528,JAYTON,KENT 
79529,KNOX CITY,KNOX 
79530,LAWN,TAYLOR 
79532,LORAINE,MITCHELL 
79533,LUEDERS,JONES 
79534,MC CAULLEY,FISHER 
79535,MARYNEAL,NOLAN 
79536,MERKEL,TAYLOR 
79537,NOLAN,NOLAN 
79538,NOVICE,COLEMAN 
79539,O BRIEN,HASKELL 
79540,OLD GLORY,STONEWALL 
79541,OVALO,TAYLOR 
79543,ROBY,FISHER 
79544,ROCHESTER,HASKELL 
79545,ROSCOE,NOLAN 
79546,ROTAN,FISHER 
79547,RULE,HASKELL 
79548,RULE,HASKELL 
79549,SNYDER,SCURRY 
79550,SNYDER,SCURRY 
79553,STAMFORD,JONES 
79556,SWEETWATER,NOLAN 
79560,SYLVESTER,FISHER 
79561,TRENT,TAYLOR 
79562,TUSCOLA,TAYLOR 
79563,TYE,TAYLOR 
79565,WESTBROOK,MITCHELL 
79566,WINGATE,TAYLOR 
79567,WINTERS,RUNNELS 
79601,ABILENE,TAYLOR 
79602,ABILENE,TAYLOR 
79603,ABILENE,TAYLOR 
79604,ABILENE,TAYLOR 
79605,ABILENE,TAYLOR 
79606,ABILENE,TAYLOR 
79607,DYESS AFB,TAYLOR 
79608,ABILENE,TAYLOR 
79697,ABILENE,TAYLOR 
79698,ABILENE,TAYLOR 
79699,ABILENE,TAYLOR 
79701,MIDLAND,MIDLAND 
79702,MIDLAND,MIDLAND 
79703,MIDLAND,MIDLAND 
79704,MIDLAND,MIDLAND 
79705,MIDLAND,MIDLAND 
79706,MIDLAND,MIDLAND 
79707,MIDLAND,MIDLAND 
79708,MIDLAND,MIDLAND 
79710,MIDLAND,MIDLAND 
79711,MIDLAND,MIDLAND 
79712,MIDLAND,MIDLAND 
79713,ACKERLY,MARTIN 
79714,ANDREWS,ANDREWS 
79718,BALMORHEA,REEVES 
79719,BARSTOW,WARD 
79720,BIG SPRING,HOWARD 
79721,BIG SPRING,HOWARD 
79730,COYANOSA,PECOS 
79731,CRANE,CRANE 
79733,FORSAN,HOWARD 
79734,FORT DAVIS,JEFF DAVIS 
79735,FORT STOCKTON,PECOS 
79738,GAIL,BORDEN 
79739,GARDEN CITY,GLASSCOCK 
79740,GIRVIN,CRANE 
79741,GOLDSMITH,ECTOR 
79742,GRANDFALLS,WARD 
79743,IMPERIAL,PECOS 
79744,IRAAN,PECOS 
79745,KERMIT,WINKLER 
79748,KNOTT,HOWARD 
79749,LENORAH,MARTIN 
79752,MC CAMEY,UPTON 
79754,MENTONE,LOVING 
79755,MIDKIFF,UPTON 
79756,MONAHANS,WARD 
79758,GARDENDALE,ECTOR 
79759,NOTREES,ECTOR 
79760,ODESSA,ECTOR 
79761,ODESSA,ECTOR 
79762,ODESSA,ECTOR 
79763,ODESSA,ECTOR 
79764,ODESSA,ECTOR 
79765,ODESSA,ECTOR 
79766,ODESSA,ECTOR 
79768,ODESSA,ECTOR 
79769,ODESSA,ECTOR 
79770,ORLA,REEVES 
79772,PECOS,REEVES 
79776,PENWELL,ECTOR 
79777,PYOTE,WARD 
79778,RANKIN,UPTON 
79780,SARAGOSA,REEVES 
79781,SHEFFIELD,PECOS 
79782,STANTON,MARTIN 
79783,TARZAN,MARTIN 
79785,TOYAH,REEVES 
79786,TOYAHVALE,REEVES 
79788,WICKETT,WARD 
79789,WINK,WINKLER 
79821,ANTHONY,EL PASO 
79830,ALPINE,BREWSTER 
79831,ALPINE,BREWSTER 
79832,ALPINE,BREWSTER 
79834,BIG BEND NATIONAL PARK,BREWSTER 
79835,CANUTILLO,EL PASO 
79836,CLINT,EL PASO 
79837,DELL CITY,HUDSPETH 
79838,FABENS,EL PASO 
79839,FORT HANCOCK,HUDSPETH 
79842,MARATHON,BREWSTER 
79843,MARFA,PRESIDIO 
79845,PRESIDIO,PRESIDIO 
79846,REDFORD,PRESIDIO 
79847,SALT FLAT,HUDSPETH 
79848,SANDERSON,TERRELL 
79849,SAN ELIZARIO,EL PASO 
79851,SIERRA BLANCA,HUDSPETH 
79852,TERLINGUA,BREWSTER 
79853,TORNILLO,EL PASO 
79854,VALENTINE,JEFF DAVIS 
79855,VAN HORN,CULBERSON 
79901,EL PASO,EL PASO 
79902,EL PASO,EL PASO 
79903,EL PASO,EL PASO 
79904,EL PASO,EL PASO 
79905,EL PASO,EL PASO 
79906,EL PASO,EL PASO 
79907,EL PASO,EL PASO 
79908,EL PASO,EL PASO 
79910,EL PASO,EL PASO 
79911,EL PASO,EL PASO 
79912,EL PASO,EL PASO 
79913,EL PASO,EL PASO 
79914,EL PASO,EL PASO 
79915,EL PASO,EL PASO 
79916,FORT BLISS,EL PASO 
79917,EL PASO,EL PASO 
79918,FORT BLISS,EL PASO 
79920,EL PASO,EL PASO 
79922,EL PASO,EL PASO 
79923,EL PASO,EL PASO 
79924,EL PASO,EL PASO 
79925,EL PASO,EL PASO 
79926,EL PASO,EL PASO 
79927,EL PASO,EL PASO 
79928,EL PASO,EL PASO 
79929,EL PASO,EL PASO 
79930,EL PASO,EL PASO 
79931,EL PASO,EL PASO 
79932,EL PASO,EL PASO 
79934,EL PASO,EL PASO 
79935,EL PASO,EL PASO 
79936,EL PASO,EL PASO 
79937,EL PASO,EL PASO 
79938,EL PASO,EL PASO 
79940,EL PASO,EL PASO 
79941,EL PASO,EL PASO 
79942,EL PASO,CROCKETT 
79943,EL PASO,EL PASO 
79944,EL PASO,EL PASO 
79945,EL PASO,EL PASO 
79946,EL PASO,EL PASO 
79947,EL PASO,EL PASO 
79948,EL PASO,EL PASO 
79949,EL PASO,EL PASO 
79950,EL PASO,EL PASO 
79951,EL PASO,EL PASO 
79952,EL PASO,EL PASO 
79953,EL PASO,EL PASO 
79954,EL PASO,EL PASO 
79955,EL PASO,EL PASO 
79958,EL PASO,EL PASO 
79960,EL PASO,EL PASO 
79961,EL PASO,EL PASO 
79968,EL PASO,EL PASO 
79976,EL PASO,EL PASO 
79978,EL PASO,EL PASO 
79980,EL PASO,EL PASO 
79990,EL PASO,EL PASO 
79995,EL PASO,EL PASO 
79996,EL PASO,EL PASO 
79997,EL PASO,EL PASO 
79998,EL PASO,EL PASO 
79999,EL PASO,EL PASO 
88510,EL PASO,EL PASO 
88511,EL PASO,EL PASO 
88512,EL PASO,EL PASO 
88513,EL PASO,EL PASO 
88514,EL PASO,EL PASO 
88515,EL PASO,EL PASO 
88516,EL PASO,EL PASO 
88517,EL PASO,EL PASO 
88518,EL PASO,EL PASO 
88519,EL PASO,EL PASO 
88520,EL PASO,EL PASO 
88521,EL PASO,EL PASO 
88523,EL PASO,EL PASO 
88524,EL PASO,EL PASO 
88525,EL PASO,EL PASO 
88526,EL PASO,EL PASO 
88527,EL PASO,EL PASO 
88528,EL PASO,EL PASO 
88529,EL PASO,EL PASO 
88530,EL PASO,EL PASO 
88531,EL PASO,EL PASO 
88532,EL PASO,EL PASO 
88533,EL PASO,EL PASO 
88534,EL PASO,EL PASO 
88535,EL PASO,EL PASO 
88536,EL PASO,EL PASO 
88538,EL PASO,EL PASO 
88539,EL PASO,EL PASO 
88540,EL PASO,EL PASO 
88541,EL PASO,EL PASO 
88542,EL PASO,EL PASO 
88543,EL PASO,EL PASO 
88544,EL PASO,EL PASO 
88545,EL PASO,EL PASO 
88546,EL PASO,EL PASO 
88547,EL PASO,EL PASO 
88548,EL PASO,EL PASO 
88549,EL PASO,EL PASO 
88550,EL PASO,EL PASO 
88553,EL PASO,EL PASO 
88554,EL PASO,EL PASO 
88555,EL PASO,EL PASO 
88556,EL PASO,EL PASO 
88557,EL PASO,EL PASO 
88558,EL PASO,EL PASO 
88559,EL PASO,EL PASO 
88560,EL PASO,EL PASO 
88561,EL PASO,EL PASO 
88562,EL PASO,EL PASO 
88563,EL PASO,EL PASO 
88565,EL PASO,EL PASO 
88566,EL PASO,EL PASO 
88567,EL PASO,EL PASO 
88568,EL PASO,EL PASO 
88569,EL PASO,EL PASO 
88570,EL PASO,EL PASO 
88571,EL PASO,EL PASO 
88572,EL PASO,EL PASO 
88573,EL PASO,EL PASO 
88574,EL PASO,EL PASO 
88575,EL PASO,EL PASO 
88576,EL PASO,EL PASO 
88577,EL PASO,EL PASO 
88578,EL PASO,EL PASO 
88579,EL PASO,EL PASO 
88580,EL PASO,EL PASO 
88581,EL PASO,EL PASO 
88582,EL PASO,EL PASO 
88583,EL PASO,EL PASO 
88584,EL PASO,EL PASO 
88585,EL PASO,EL PASO 
88586,EL PASO,EL PASO 
88587,EL PASO,EL PASO 
88588,EL PASO,EL PASO 
88589,EL PASO,EL PASO 
88590,EL PASO,EL PASO 
88595,EL PASO,EL PASO 
